task,model,repeat,split,split_seed,train_rows,test_rows,train_subjects,test_subjects,subject_overlap,accuracy,balanced_accuracy,macro_f1,weighted_f1,test_class_counts
arch,majority,1,1,244664,85,16,26,5,0,0.75,0.5,0.42857142857142855,0.6428571428571428,"{'plain_arch': 12, 'tented_arch': 4}"
arch,majority,1,2,244664,82,19,24,7,0,0.6842105263157895,0.5,0.40625,0.555921052631579,"{'plain_arch': 13, 'tented_arch': 6}"
arch,majority,1,3,244664,81,20,25,6,0,0.75,0.5,0.42857142857142855,0.6428571428571428,"{'plain_arch': 15, 'tented_arch': 5}"
arch,majority,1,4,244664,73,28,24,7,0,0.6785714285714286,0.5,0.40425531914893614,0.5486322188449847,"{'plain_arch': 19, 'tented_arch': 9}"
arch,majority,1,5,244664,83,18,25,6,0,0.8888888888888888,0.5,0.47058823529411764,0.8366013071895425,"{'plain_arch': 16, 'tented_arch': 2}"
arch,majority,2,1,244665,82,19,24,7,0,0.5789473684210527,0.5,0.36666666666666664,0.4245614035087719,"{'plain_arch': 11, 'tented_arch': 8}"
arch,majority,2,2,244665,75,26,24,7,0,0.8846153846153846,0.5,0.46938775510204084,0.8304552590266876,"{'plain_arch': 23, 'tented_arch': 3}"
arch,majority,2,3,244665,79,22,26,5,0,0.7272727272727273,0.5,0.42105263157894735,0.6124401913875598,"{'plain_arch': 16, 'tented_arch': 6}"
arch,majority,2,4,244665,78,23,24,7,0,0.782608695652174,0.5,0.43902439024390244,0.6871686108165429,"{'plain_arch': 18, 'tented_arch': 5}"
arch,majority,2,5,244665,90,11,26,5,0,0.6363636363636364,0.5,0.3888888888888889,0.494949494949495,"{'plain_arch': 7, 'tented_arch': 4}"
arch,majority,3,1,244666,95,6,27,4,0,0.8333333333333334,0.5,0.45454545454545453,0.7575757575757575,"{'plain_arch': 5, 'tented_arch': 1}"
arch,majority,3,2,244666,91,10,27,4,0,0.3,0.5,0.23076923076923078,0.13846153846153847,"{'plain_arch': 3, 'tented_arch': 7}"
arch,majority,3,3,244666,72,29,24,7,0,0.7931034482758621,0.5,0.4423076923076923,0.7015915119363395,"{'plain_arch': 23, 'tented_arch': 6}"
arch,majority,3,4,244666,71,30,23,8,0,0.8333333333333334,0.5,0.45454545454545453,0.7575757575757576,"{'plain_arch': 25, 'tented_arch': 5}"
arch,majority,3,5,244666,75,26,23,8,0,0.7307692307692307,0.5,0.4222222222222222,0.6170940170940171,"{'plain_arch': 19, 'tented_arch': 7}"
arch,majority,4,1,244668,76,25,26,5,0,0.72,0.5,0.4186046511627907,0.6027906976744186,"{'plain_arch': 18, 'tented_arch': 7}"
arch,majority,4,2,244668,81,20,24,7,0,0.8,0.5,0.4444444444444444,0.711111111111111,"{'plain_arch': 16, 'tented_arch': 4}"
arch,majority,4,3,244668,93,8,26,5,0,0.625,0.5,0.38461538461538464,0.4807692307692308,"{'plain_arch': 5, 'tented_arch': 3}"
arch,majority,4,4,244668,91,10,25,6,0,0.5,0.5,0.3333333333333333,0.3333333333333333,"{'plain_arch': 5, 'tented_arch': 5}"
arch,majority,4,5,244668,63,38,23,8,0,0.8157894736842105,0.5,0.4492753623188406,0.73302822273074,"{'plain_arch': 31, 'tented_arch': 7}"
arch,majority,5,1,244669,84,17,27,4,0,0.7647058823529411,0.5,0.43333333333333335,0.6627450980392158,"{'plain_arch': 13, 'tented_arch': 4}"
arch,majority,5,2,244669,82,19,24,7,0,0.8421052631578947,0.5,0.45714285714285713,0.7699248120300751,"{'plain_arch': 16, 'tented_arch': 3}"
arch,majority,5,3,244669,91,10,28,3,0,0.3,0.5,0.23076923076923078,0.13846153846153847,"{'plain_arch': 3, 'tented_arch': 7}"
arch,majority,5,4,244669,73,28,22,9,0,0.6785714285714286,0.5,0.40425531914893614,0.5486322188449847,"{'plain_arch': 19, 'tented_arch': 9}"
arch,majority,5,5,244669,74,27,23,8,0,0.8888888888888888,0.5,0.47058823529411764,0.8366013071895424,"{'plain_arch': 24, 'tented_arch': 3}"
arch,logistic_C0.1,1,1,244664,85,16,26,5,0,0.625,0.5,0.5,0.625,"{'plain_arch': 12, 'tented_arch': 4}"
arch,logistic_C0.1,1,2,244664,82,19,24,7,0,0.7368421052631579,0.5833333333333334,0.5622119815668203,0.6640795537230172,"{'plain_arch': 13, 'tented_arch': 6}"
arch,logistic_C0.1,1,3,244664,81,20,25,6,0,0.65,0.43333333333333335,0.3939393939393939,0.5909090909090909,"{'plain_arch': 15, 'tented_arch': 5}"
arch,logistic_C0.1,1,4,244664,73,28,24,7,0,0.6071428571428571,0.5058479532163742,0.49918699186991866,0.5822299651567944,"{'plain_arch': 19, 'tented_arch': 9}"
arch,logistic_C0.1,1,5,244664,83,18,25,6,0,0.5,0.5,0.4109090909090909,0.5890909090909091,"{'plain_arch': 16, 'tented_arch': 2}"
arch,logistic_C0.1,2,1,244665,82,19,24,7,0,0.631578947368421,0.5625,0.4904214559386973,0.5327687033676145,"{'plain_arch': 11, 'tented_arch': 8}"
arch,logistic_C0.1,2,2,244665,75,26,24,7,0,0.7692307692307693,0.7246376811594203,0.6285714285714286,0.8043956043956043,"{'plain_arch': 23, 'tented_arch': 3}"
arch,logistic_C0.1,2,3,244665,79,22,26,5,0,0.7272727272727273,0.5520833333333334,0.5416666666666667,0.6742424242424243,"{'plain_arch': 16, 'tented_arch': 6}"
arch,logistic_C0.1,2,4,244665,78,23,24,7,0,0.6086956521739131,0.6777777777777778,0.5801217038539555,0.6420319252138638,"{'plain_arch': 18, 'tented_arch': 5}"
arch,logistic_C0.1,2,5,244665,90,11,26,5,0,0.8181818181818182,0.75,0.7708333333333333,0.7992424242424242,"{'plain_arch': 7, 'tented_arch': 4}"
arch,logistic_C0.1,3,1,244666,95,6,27,4,0,0.5,0.3,0.3333333333333333,0.5555555555555555,"{'plain_arch': 5, 'tented_arch': 1}"
arch,logistic_C0.1,3,2,244666,91,10,27,4,0,0.5,0.6428571428571428,0.4949494949494949,0.47474747474747475,"{'plain_arch': 3, 'tented_arch': 7}"
arch,logistic_C0.1,3,3,244666,72,29,24,7,0,0.6551724137931034,0.5978260869565217,0.5684523809523809,0.681855500821018,"{'plain_arch': 23, 'tented_arch': 6}"
arch,logistic_C0.1,3,4,244666,71,30,23,8,0,0.7666666666666667,0.62,0.6103896103896104,0.7748917748917747,"{'plain_arch': 25, 'tented_arch': 5}"
arch,logistic_C0.1,3,5,244666,75,26,23,8,0,0.6538461538461539,0.5827067669172932,0.5783783783783785,0.6607068607068608,"{'plain_arch': 19, 'tented_arch': 7}"
arch,logistic_C0.1,4,1,244668,76,25,26,5,0,0.8,0.6428571428571428,0.6612466124661247,0.756639566395664,"{'plain_arch': 18, 'tented_arch': 7}"
arch,logistic_C0.1,4,2,244668,81,20,24,7,0,0.65,0.5,0.4982078853046595,0.6637992831541218,"{'plain_arch': 16, 'tented_arch': 4}"
arch,logistic_C0.1,4,3,244668,93,8,26,5,0,0.5,0.4,0.3333333333333333,0.41666666666666663,"{'plain_arch': 5, 'tented_arch': 3}"
arch,logistic_C0.1,4,4,244668,91,10,25,6,0,0.5,0.5,0.4949494949494949,0.494949494949495,"{'plain_arch': 5, 'tented_arch': 5}"
arch,logistic_C0.1,4,5,244668,63,38,23,8,0,0.7105263157894737,0.5460829493087558,0.5431693989071038,0.7178027034800115,"{'plain_arch': 31, 'tented_arch': 7}"
arch,logistic_C0.1,5,1,244669,84,17,27,4,0,0.7058823529411765,0.5480769230769231,0.5502645502645502,0.6903205726735138,"{'plain_arch': 13, 'tented_arch': 4}"
arch,logistic_C0.1,5,2,244669,82,19,24,7,0,0.5789473684210527,0.6145833333333333,0.5128205128205128,0.6356275303643725,"{'plain_arch': 16, 'tented_arch': 3}"
arch,logistic_C0.1,5,3,244669,91,10,28,3,0,0.3,0.5,0.23076923076923078,0.13846153846153847,"{'plain_arch': 3, 'tented_arch': 7}"
arch,logistic_C0.1,5,4,244669,73,28,22,9,0,0.7142857142857143,0.672514619883041,0.672514619883041,0.7142857142857143,"{'plain_arch': 19, 'tented_arch': 9}"
arch,logistic_C0.1,5,5,244669,74,27,23,8,0,0.7777777777777778,0.5833333333333334,0.5597826086956521,0.8007246376811594,"{'plain_arch': 24, 'tented_arch': 3}"
arch,logistic_C1,1,1,244664,85,16,26,5,0,0.625,0.5,0.5,0.625,"{'plain_arch': 12, 'tented_arch': 4}"
arch,logistic_C1,1,2,244664,82,19,24,7,0,0.7368421052631579,0.5833333333333334,0.5622119815668203,0.6640795537230172,"{'plain_arch': 13, 'tented_arch': 6}"
arch,logistic_C1,1,3,244664,81,20,25,6,0,0.65,0.43333333333333335,0.3939393939393939,0.5909090909090909,"{'plain_arch': 15, 'tented_arch': 5}"
arch,logistic_C1,1,4,244664,73,28,24,7,0,0.5714285714285714,0.47953216374269003,0.475,0.5553571428571428,"{'plain_arch': 19, 'tented_arch': 9}"
arch,logistic_C1,1,5,244664,83,18,25,6,0,0.5,0.5,0.4109090909090909,0.5890909090909091,"{'plain_arch': 16, 'tented_arch': 2}"
arch,logistic_C1,2,1,244665,82,19,24,7,0,0.631578947368421,0.5625,0.4904214559386973,0.5327687033676145,"{'plain_arch': 11, 'tented_arch': 8}"
arch,logistic_C1,2,2,244665,75,26,24,7,0,0.7692307692307693,0.7246376811594203,0.6285714285714286,0.8043956043956043,"{'plain_arch': 23, 'tented_arch': 3}"
arch,logistic_C1,2,3,244665,79,22,26,5,0,0.7272727272727273,0.5520833333333334,0.5416666666666667,0.6742424242424243,"{'plain_arch': 16, 'tented_arch': 6}"
arch,logistic_C1,2,4,244665,78,23,24,7,0,0.6086956521739131,0.6777777777777778,0.5801217038539555,0.6420319252138638,"{'plain_arch': 18, 'tented_arch': 5}"
arch,logistic_C1,2,5,244665,90,11,26,5,0,0.8181818181818182,0.75,0.7708333333333333,0.7992424242424242,"{'plain_arch': 7, 'tented_arch': 4}"
arch,logistic_C1,3,1,244666,95,6,27,4,0,0.5,0.3,0.3333333333333333,0.5555555555555555,"{'plain_arch': 5, 'tented_arch': 1}"
arch,logistic_C1,3,2,244666,91,10,27,4,0,0.6,0.7142857142857143,0.6,0.6,"{'plain_arch': 3, 'tented_arch': 7}"
arch,logistic_C1,3,3,244666,72,29,24,7,0,0.6896551724137931,0.681159420289855,0.6255380200860832,0.7163706525503389,"{'plain_arch': 23, 'tented_arch': 6}"
arch,logistic_C1,3,4,244666,71,30,23,8,0,0.7333333333333333,0.6000000000000001,0.5833333333333334,0.7500000000000001,"{'plain_arch': 25, 'tented_arch': 5}"
arch,logistic_C1,3,5,244666,75,26,23,8,0,0.6923076923076923,0.6090225563909775,0.6090225563909775,0.6923076923076923,"{'plain_arch': 19, 'tented_arch': 7}"
arch,logistic_C1,4,1,244668,76,25,26,5,0,0.72,0.5873015873015872,0.592074592074592,0.6925874125874125,"{'plain_arch': 18, 'tented_arch': 7}"
arch,logistic_C1,4,2,244668,81,20,24,7,0,0.65,0.5,0.4982078853046595,0.6637992831541218,"{'plain_arch': 16, 'tented_arch': 4}"
arch,logistic_C1,4,3,244668,93,8,26,5,0,0.5,0.4,0.3333333333333333,0.41666666666666663,"{'plain_arch': 5, 'tented_arch': 3}"
arch,logistic_C1,4,4,244668,91,10,25,6,0,0.5,0.5,0.4949494949494949,0.494949494949495,"{'plain_arch': 5, 'tented_arch': 5}"
arch,logistic_C1,4,5,244668,63,38,23,8,0,0.7105263157894737,0.5460829493087558,0.5431693989071038,0.7178027034800115,"{'plain_arch': 31, 'tented_arch': 7}"
arch,logistic_C1,5,1,244669,84,17,27,4,0,0.7647058823529411,0.5865384615384616,0.5952380952380952,0.7338935574229692,"{'plain_arch': 13, 'tented_arch': 4}"
arch,logistic_C1,5,2,244669,82,19,24,7,0,0.5789473684210527,0.6145833333333333,0.5128205128205128,0.6356275303643725,"{'plain_arch': 16, 'tented_arch': 3}"
arch,logistic_C1,5,3,244669,91,10,28,3,0,0.3,0.5,0.23076923076923078,0.13846153846153847,"{'plain_arch': 3, 'tented_arch': 7}"
arch,logistic_C1,5,4,244669,73,28,22,9,0,0.7142857142857143,0.672514619883041,0.672514619883041,0.7142857142857143,"{'plain_arch': 19, 'tented_arch': 9}"
arch,logistic_C1,5,5,244669,74,27,23,8,0,0.8148148148148148,0.6041666666666666,0.5896656534954408,0.8260722728807836,"{'plain_arch': 24, 'tented_arch': 3}"
arch,linear_svc_C0.1,1,1,244664,85,16,26,5,0,0.625,0.5,0.5,0.625,"{'plain_arch': 12, 'tented_arch': 4}"
arch,linear_svc_C0.1,1,2,244664,82,19,24,7,0,0.7894736842105263,0.7115384615384616,0.7285714285714285,0.7759398496240602,"{'plain_arch': 13, 'tented_arch': 6}"
arch,linear_svc_C0.1,1,3,244664,81,20,25,6,0,0.55,0.36666666666666664,0.3548387096774194,0.5322580645161291,"{'plain_arch': 15, 'tented_arch': 5}"
arch,linear_svc_C0.1,1,4,244664,73,28,24,7,0,0.6071428571428571,0.5935672514619883,0.5809523809523809,0.6183673469387755,"{'plain_arch': 19, 'tented_arch': 9}"
arch,linear_svc_C0.1,1,5,244664,83,18,25,6,0,0.4444444444444444,0.46875,0.375,0.5370370370370371,"{'plain_arch': 16, 'tented_arch': 2}"
arch,linear_svc_C0.1,2,1,244665,82,19,24,7,0,0.5789473684210527,0.5340909090909092,0.5128205128205128,0.5411605937921727,"{'plain_arch': 11, 'tented_arch': 8}"
arch,linear_svc_C0.1,2,2,244665,75,26,24,7,0,0.5384615384615384,0.7391304347826086,0.4901960784313726,0.6108597285067874,"{'plain_arch': 23, 'tented_arch': 3}"
arch,linear_svc_C0.1,2,3,244665,79,22,26,5,0,0.6818181818181818,0.5208333333333334,0.5111111111111111,0.6424242424242425,"{'plain_arch': 16, 'tented_arch': 6}"
arch,linear_svc_C0.1,2,4,244665,78,23,24,7,0,0.6086956521739131,0.75,0.5964912280701754,0.6361556064073227,"{'plain_arch': 18, 'tented_arch': 5}"
arch,linear_svc_C0.1,2,5,244665,90,11,26,5,0,0.9090909090909091,0.875,0.8952380952380952,0.9056277056277057,"{'plain_arch': 7, 'tented_arch': 4}"
arch,linear_svc_C0.1,3,1,244666,95,6,27,4,0,0.5,0.3,0.3333333333333333,0.5555555555555555,"{'plain_arch': 5, 'tented_arch': 1}"
arch,linear_svc_C0.1,3,2,244666,91,10,27,4,0,0.5,0.45238095238095233,0.45054945054945056,0.5164835164835165,"{'plain_arch': 3, 'tented_arch': 7}"
arch,linear_svc_C0.1,3,3,244666,72,29,24,7,0,0.6896551724137931,0.681159420289855,0.6255380200860832,0.7163706525503389,"{'plain_arch': 23, 'tented_arch': 6}"
arch,linear_svc_C0.1,3,4,244666,71,30,23,8,0,0.6666666666666666,0.56,0.5341614906832298,0.6997929606625258,"{'plain_arch': 25, 'tented_arch': 5}"
arch,linear_svc_C0.1,3,5,244666,75,26,23,8,0,0.6538461538461539,0.6278195488721805,0.6067226890756303,0.6695539754363283,"{'plain_arch': 19, 'tented_arch': 7}"
arch,linear_svc_C0.1,4,1,244668,76,25,26,5,0,0.64,0.5753968253968254,0.5714285714285714,0.6468571428571428,"{'plain_arch': 18, 'tented_arch': 7}"
arch,linear_svc_C0.1,4,2,244668,81,20,24,7,0,0.55,0.53125,0.48717948717948717,0.5948717948717949,"{'plain_arch': 16, 'tented_arch': 4}"
arch,linear_svc_C0.1,4,3,244668,93,8,26,5,0,0.5,0.4666666666666667,0.4666666666666667,0.5,"{'plain_arch': 5, 'tented_arch': 3}"
arch,linear_svc_C0.1,4,4,244668,91,10,25,6,0,0.5,0.5,0.45054945054945056,0.45054945054945056,"{'plain_arch': 5, 'tented_arch': 5}"
arch,linear_svc_C0.1,4,5,244668,63,38,23,8,0,0.7368421052631579,0.6175115207373272,0.6041666666666667,0.7489035087719299,"{'plain_arch': 31, 'tented_arch': 7}"
arch,linear_svc_C0.1,5,1,244669,84,17,27,4,0,0.7058823529411765,0.5480769230769231,0.5502645502645502,0.6903205726735138,"{'plain_arch': 13, 'tented_arch': 4}"
arch,linear_svc_C0.1,5,2,244669,82,19,24,7,0,0.47368421052631576,0.5520833333333333,0.43452380952380953,0.5363408521303259,"{'plain_arch': 16, 'tented_arch': 3}"
arch,linear_svc_C0.1,5,3,244669,91,10,28,3,0,0.5,0.6428571428571428,0.4949494949494949,0.47474747474747475,"{'plain_arch': 3, 'tented_arch': 7}"
arch,linear_svc_C0.1,5,4,244669,73,28,22,9,0,0.6428571428571429,0.6783625730994152,0.6354166666666667,0.6540178571428571,"{'plain_arch': 19, 'tented_arch': 9}"
arch,linear_svc_C0.1,5,5,244669,74,27,23,8,0,0.7777777777777778,0.5833333333333334,0.5597826086956521,0.8007246376811594,"{'plain_arch': 24, 'tented_arch': 3}"
arch,linear_svc_C1,1,1,244664,85,16,26,5,0,0.625,0.5,0.5,0.625,"{'plain_arch': 12, 'tented_arch': 4}"
arch,linear_svc_C1,1,2,244664,82,19,24,7,0,0.7894736842105263,0.7115384615384616,0.7285714285714285,0.7759398496240602,"{'plain_arch': 13, 'tented_arch': 6}"
arch,linear_svc_C1,1,3,244664,81,20,25,6,0,0.55,0.36666666666666664,0.3548387096774194,0.5322580645161291,"{'plain_arch': 15, 'tented_arch': 5}"
arch,linear_svc_C1,1,4,244664,73,28,24,7,0,0.5714285714285714,0.5380116959064327,0.5333333333333333,0.5809523809523809,"{'plain_arch': 19, 'tented_arch': 9}"
arch,linear_svc_C1,1,5,244664,83,18,25,6,0,0.4444444444444444,0.46875,0.375,0.5370370370370371,"{'plain_arch': 16, 'tented_arch': 2}"
arch,linear_svc_C1,2,1,244665,82,19,24,7,0,0.5789473684210527,0.5340909090909092,0.5128205128205128,0.5411605937921727,"{'plain_arch': 11, 'tented_arch': 8}"
arch,linear_svc_C1,2,2,244665,75,26,24,7,0,0.5384615384615384,0.7391304347826086,0.4901960784313726,0.6108597285067874,"{'plain_arch': 23, 'tented_arch': 3}"
arch,linear_svc_C1,2,3,244665,79,22,26,5,0,0.6818181818181818,0.5208333333333334,0.5111111111111111,0.6424242424242425,"{'plain_arch': 16, 'tented_arch': 6}"
arch,linear_svc_C1,2,4,244665,78,23,24,7,0,0.6086956521739131,0.75,0.5964912280701754,0.6361556064073227,"{'plain_arch': 18, 'tented_arch': 5}"
arch,linear_svc_C1,2,5,244665,90,11,26,5,0,0.9090909090909091,0.875,0.8952380952380952,0.9056277056277057,"{'plain_arch': 7, 'tented_arch': 4}"
arch,linear_svc_C1,3,1,244666,95,6,27,4,0,0.5,0.3,0.3333333333333333,0.5555555555555555,"{'plain_arch': 5, 'tented_arch': 1}"
arch,linear_svc_C1,3,2,244666,91,10,27,4,0,0.5,0.45238095238095233,0.45054945054945056,0.5164835164835165,"{'plain_arch': 3, 'tented_arch': 7}"
arch,linear_svc_C1,3,3,244666,72,29,24,7,0,0.6551724137931034,0.6594202898550725,0.5972222222222222,0.6867816091954023,"{'plain_arch': 23, 'tented_arch': 6}"
arch,linear_svc_C1,3,4,244666,71,30,23,8,0,0.6333333333333333,0.54,0.5111111111111111,0.674074074074074,"{'plain_arch': 25, 'tented_arch': 5}"
arch,linear_svc_C1,3,5,244666,75,26,23,8,0,0.6153846153846154,0.556390977443609,0.5486111111111112,0.6287393162393162,"{'plain_arch': 19, 'tented_arch': 7}"
arch,linear_svc_C1,4,1,244668,76,25,26,5,0,0.64,0.5753968253968254,0.5714285714285714,0.6468571428571428,"{'plain_arch': 18, 'tented_arch': 7}"
arch,linear_svc_C1,4,2,244668,81,20,24,7,0,0.6,0.5625,0.5238095238095238,0.6380952380952382,"{'plain_arch': 16, 'tented_arch': 4}"
arch,linear_svc_C1,4,3,244668,93,8,26,5,0,0.5,0.4666666666666667,0.4666666666666667,0.5,"{'plain_arch': 5, 'tented_arch': 3}"
arch,linear_svc_C1,4,4,244668,91,10,25,6,0,0.5,0.5,0.45054945054945056,0.45054945054945056,"{'plain_arch': 5, 'tented_arch': 5}"
arch,linear_svc_C1,4,5,244668,63,38,23,8,0,0.7368421052631579,0.6175115207373272,0.6041666666666667,0.7489035087719299,"{'plain_arch': 31, 'tented_arch': 7}"
arch,linear_svc_C1,5,1,244669,84,17,27,4,0,0.6470588235294118,0.4230769230769231,0.39285714285714285,0.6008403361344538,"{'plain_arch': 13, 'tented_arch': 4}"
arch,linear_svc_C1,5,2,244669,82,19,24,7,0,0.47368421052631576,0.5520833333333333,0.43452380952380953,0.5363408521303259,"{'plain_arch': 16, 'tented_arch': 3}"
arch,linear_svc_C1,5,3,244669,91,10,28,3,0,0.5,0.6428571428571428,0.4949494949494949,0.47474747474747475,"{'plain_arch': 3, 'tented_arch': 7}"
arch,linear_svc_C1,5,4,244669,73,28,22,9,0,0.6428571428571429,0.6783625730994152,0.6354166666666667,0.6540178571428571,"{'plain_arch': 19, 'tented_arch': 9}"
arch,linear_svc_C1,5,5,244669,74,27,23,8,0,0.7777777777777778,0.5833333333333334,0.5597826086956521,0.8007246376811594,"{'plain_arch': 24, 'tented_arch': 3}"
arch,rbf_svc_C1,1,1,244664,85,16,26,5,0,0.625,0.5,0.5,0.625,"{'plain_arch': 12, 'tented_arch': 4}"
arch,rbf_svc_C1,1,2,244664,82,19,24,7,0,0.6842105263157895,0.5,0.40625,0.555921052631579,"{'plain_arch': 13, 'tented_arch': 6}"
arch,rbf_svc_C1,1,3,244664,81,20,25,6,0,0.7,0.4666666666666667,0.4117647058823529,0.6176470588235293,"{'plain_arch': 15, 'tented_arch': 5}"
arch,rbf_svc_C1,1,4,244664,73,28,24,7,0,0.7142857142857143,0.5555555555555556,0.5130434782608696,0.6248447204968944,"{'plain_arch': 19, 'tented_arch': 9}"
arch,rbf_svc_C1,1,5,244664,83,18,25,6,0,0.6111111111111112,0.5625,0.48148148148148145,0.6831275720164609,"{'plain_arch': 16, 'tented_arch': 2}"
arch,rbf_svc_C1,2,1,244665,82,19,24,7,0,0.5789473684210527,0.5,0.36666666666666664,0.4245614035087719,"{'plain_arch': 11, 'tented_arch': 8}"
arch,rbf_svc_C1,2,2,244665,75,26,24,7,0,0.8076923076923077,0.6014492753623188,0.5873015873015872,0.8192918192918193,"{'plain_arch': 23, 'tented_arch': 3}"
arch,rbf_svc_C1,2,3,244665,79,22,26,5,0,0.7272727272727273,0.5520833333333334,0.5416666666666667,0.6742424242424243,"{'plain_arch': 16, 'tented_arch': 6}"
arch,rbf_svc_C1,2,4,244665,78,23,24,7,0,0.6956521739130435,0.5888888888888889,0.5818181818181818,0.7051383399209487,"{'plain_arch': 18, 'tented_arch': 5}"
arch,rbf_svc_C1,2,5,244665,90,11,26,5,0,0.8181818181818182,0.75,0.7708333333333333,0.7992424242424242,"{'plain_arch': 7, 'tented_arch': 4}"
arch,rbf_svc_C1,3,1,244666,95,6,27,4,0,0.3333333333333333,0.2,0.25,0.4166666666666667,"{'plain_arch': 5, 'tented_arch': 1}"
arch,rbf_svc_C1,3,2,244666,91,10,27,4,0,0.4,0.5714285714285714,0.375,0.325,"{'plain_arch': 3, 'tented_arch': 7}"
arch,rbf_svc_C1,3,3,244666,72,29,24,7,0,0.7931034482758621,0.5615942028985508,0.565,0.7496551724137931,"{'plain_arch': 23, 'tented_arch': 6}"
arch,rbf_svc_C1,3,4,244666,71,30,23,8,0,0.8,0.64,0.64,0.8,"{'plain_arch': 25, 'tented_arch': 5}"
arch,rbf_svc_C1,3,5,244666,75,26,23,8,0,0.7307692307692307,0.5,0.4222222222222222,0.6170940170940171,"{'plain_arch': 19, 'tented_arch': 7}"
arch,rbf_svc_C1,4,1,244668,76,25,26,5,0,0.8,0.6428571428571428,0.6612466124661247,0.756639566395664,"{'plain_arch': 18, 'tented_arch': 7}"
arch,rbf_svc_C1,4,2,244668,81,20,24,7,0,0.7,0.53125,0.53125,0.7,"{'plain_arch': 16, 'tented_arch': 4}"
arch,rbf_svc_C1,4,3,244668,93,8,26,5,0,0.625,0.5,0.38461538461538464,0.4807692307692308,"{'plain_arch': 5, 'tented_arch': 3}"
arch,rbf_svc_C1,4,4,244668,91,10,25,6,0,0.5,0.5,0.4949494949494949,0.494949494949495,"{'plain_arch': 5, 'tented_arch': 5}"
arch,rbf_svc_C1,4,5,244668,63,38,23,8,0,0.7631578947368421,0.46774193548387094,0.43283582089552236,0.7062058130400628,"{'plain_arch': 31, 'tented_arch': 7}"
arch,rbf_svc_C1,5,1,244669,84,17,27,4,0,0.6470588235294118,0.4230769230769231,0.39285714285714285,0.6008403361344538,"{'plain_arch': 13, 'tented_arch': 4}"
arch,rbf_svc_C1,5,2,244669,82,19,24,7,0,0.6842105263157895,0.5416666666666666,0.525,0.7131578947368421,"{'plain_arch': 16, 'tented_arch': 3}"
arch,rbf_svc_C1,5,3,244669,91,10,28,3,0,0.3,0.5,0.23076923076923078,0.13846153846153847,"{'plain_arch': 3, 'tented_arch': 7}"
arch,rbf_svc_C1,5,4,244669,73,28,22,9,0,0.7142857142857143,0.5847953216374269,0.5757575757575758,0.6623376623376623,"{'plain_arch': 19, 'tented_arch': 9}"
arch,rbf_svc_C1,5,5,244669,74,27,23,8,0,0.8148148148148148,0.6041666666666666,0.5896656534954408,0.8260722728807836,"{'plain_arch': 24, 'tented_arch': 3}"
arch,rbf_svc_C10,1,1,244664,85,16,26,5,0,0.75,0.5833333333333333,0.5897435897435898,0.717948717948718,"{'plain_arch': 12, 'tented_arch': 4}"
arch,rbf_svc_C10,1,2,244664,82,19,24,7,0,0.6842105263157895,0.5,0.40625,0.555921052631579,"{'plain_arch': 13, 'tented_arch': 6}"
arch,rbf_svc_C10,1,3,244664,81,20,25,6,0,0.75,0.5,0.42857142857142855,0.6428571428571428,"{'plain_arch': 15, 'tented_arch': 5}"
arch,rbf_svc_C10,1,4,244664,73,28,24,7,0,0.7142857142857143,0.5555555555555556,0.5130434782608696,0.6248447204968944,"{'plain_arch': 19, 'tented_arch': 9}"
arch,rbf_svc_C10,1,5,244664,83,18,25,6,0,0.6666666666666666,0.375,0.4,0.7111111111111111,"{'plain_arch': 16, 'tented_arch': 2}"
arch,rbf_svc_C10,2,1,244665,82,19,24,7,0,0.5789473684210527,0.5,0.36666666666666664,0.4245614035087719,"{'plain_arch': 11, 'tented_arch': 8}"
arch,rbf_svc_C10,2,2,244665,75,26,24,7,0,0.8461538461538461,0.6231884057971014,0.6231884057971014,0.8461538461538461,"{'plain_arch': 23, 'tented_arch': 3}"
arch,rbf_svc_C10,2,3,244665,79,22,26,5,0,0.6818181818181818,0.46875,0.40540540540540543,0.5896805896805897,"{'plain_arch': 16, 'tented_arch': 6}"
arch,rbf_svc_C10,2,4,244665,78,23,24,7,0,0.782608695652174,0.5722222222222222,0.5787545787545787,0.7443860487338748,"{'plain_arch': 18, 'tented_arch': 5}"
arch,rbf_svc_C10,2,5,244665,90,11,26,5,0,0.7272727272727273,0.625,0.611764705882353,0.6695187165775401,"{'plain_arch': 7, 'tented_arch': 4}"
arch,rbf_svc_C10,3,1,244666,95,6,27,4,0,0.5,0.3,0.3333333333333333,0.5555555555555555,"{'plain_arch': 5, 'tented_arch': 1}"
arch,rbf_svc_C10,3,2,244666,91,10,27,4,0,0.4,0.5714285714285714,0.375,0.325,"{'plain_arch': 3, 'tented_arch': 7}"
arch,rbf_svc_C10,3,3,244666,72,29,24,7,0,0.7931034482758621,0.5615942028985508,0.565,0.7496551724137931,"{'plain_arch': 23, 'tented_arch': 6}"
arch,rbf_svc_C10,3,4,244666,71,30,23,8,0,0.8333333333333334,0.58,0.5956873315363882,0.8023360287511231,"{'plain_arch': 25, 'tented_arch': 5}"
arch,rbf_svc_C10,3,5,244666,75,26,23,8,0,0.7307692307692307,0.5,0.4222222222222222,0.6170940170940171,"{'plain_arch': 19, 'tented_arch': 7}"
arch,rbf_svc_C10,4,1,244668,76,25,26,5,0,0.76,0.5714285714285714,0.5535714285714286,0.687142857142857,"{'plain_arch': 18, 'tented_arch': 7}"
arch,rbf_svc_C10,4,2,244668,81,20,24,7,0,0.7,0.4375,0.4117647058823529,0.6588235294117647,"{'plain_arch': 16, 'tented_arch': 4}"
arch,rbf_svc_C10,4,3,244668,93,8,26,5,0,0.625,0.5,0.38461538461538464,0.4807692307692308,"{'plain_arch': 5, 'tented_arch': 3}"
arch,rbf_svc_C10,4,4,244668,91,10,25,6,0,0.6,0.6000000000000001,0.5833333333333333,0.5833333333333333,"{'plain_arch': 5, 'tented_arch': 5}"
arch,rbf_svc_C10,4,5,244668,63,38,23,8,0,0.7894736842105263,0.4838709677419355,0.4411764705882353,0.7198142414860681,"{'plain_arch': 31, 'tented_arch': 7}"
arch,rbf_svc_C10,5,1,244669,84,17,27,4,0,0.7058823529411765,0.46153846153846156,0.41379310344827586,0.6328600405679513,"{'plain_arch': 13, 'tented_arch': 4}"
arch,rbf_svc_C10,5,2,244669,82,19,24,7,0,0.6842105263157895,0.5416666666666666,0.525,0.7131578947368421,"{'plain_arch': 16, 'tented_arch': 3}"
arch,rbf_svc_C10,5,3,244669,91,10,28,3,0,0.3,0.5,0.23076923076923078,0.13846153846153847,"{'plain_arch': 3, 'tented_arch': 7}"
arch,rbf_svc_C10,5,4,244669,73,28,22,9,0,0.6428571428571429,0.47368421052631576,0.391304347826087,0.5310559006211181,"{'plain_arch': 19, 'tented_arch': 9}"
arch,rbf_svc_C10,5,5,244669,74,27,23,8,0,0.8518518518518519,0.4791666666666667,0.46,0.8177777777777778,"{'plain_arch': 24, 'tented_arch': 3}"
arch,mlp_small,1,1,244664,85,16,26,5,0,0.5625,0.4583333333333333,0.45893719806763283,0.5772946859903382,"{'plain_arch': 12, 'tented_arch': 4}"
arch,mlp_small,1,2,244664,82,19,24,7,0,0.7368421052631579,0.6282051282051282,0.6360153256704981,0.7065940713853599,"{'plain_arch': 13, 'tented_arch': 6}"
arch,mlp_small,1,3,244664,81,20,25,6,0,0.55,0.36666666666666664,0.3548387096774194,0.5322580645161291,"{'plain_arch': 15, 'tented_arch': 5}"
arch,mlp_small,1,4,244664,73,28,24,7,0,0.5357142857142857,0.39473684210526316,0.3488372093023256,0.473421926910299,"{'plain_arch': 19, 'tented_arch': 9}"
arch,mlp_small,1,5,244664,83,18,25,6,0,0.4444444444444444,0.46875,0.375,0.5370370370370371,"{'plain_arch': 16, 'tented_arch': 2}"
arch,mlp_small,2,1,244665,82,19,24,7,0,0.5789473684210527,0.5170454545454546,0.4571428571428572,0.49774436090225566,"{'plain_arch': 11, 'tented_arch': 8}"
arch,mlp_small,2,2,244665,75,26,24,7,0,0.7692307692307693,0.5797101449275363,0.5568181818181819,0.7928321678321678,"{'plain_arch': 23, 'tented_arch': 3}"
arch,mlp_small,2,3,244665,79,22,26,5,0,0.6363636363636364,0.4895833333333333,0.48235294117647054,0.6106951871657753,"{'plain_arch': 16, 'tented_arch': 6}"
arch,mlp_small,2,4,244665,78,23,24,7,0,0.4782608695652174,0.5944444444444444,0.46923076923076923,0.5083612040133779,"{'plain_arch': 18, 'tented_arch': 5}"
arch,mlp_small,2,5,244665,90,11,26,5,0,0.6363636363636364,0.5,0.3888888888888889,0.494949494949495,"{'plain_arch': 7, 'tented_arch': 4}"
arch,mlp_small,3,1,244666,95,6,27,4,0,0.3333333333333333,0.2,0.25,0.4166666666666667,"{'plain_arch': 5, 'tented_arch': 1}"
arch,mlp_small,3,2,244666,91,10,27,4,0,0.5,0.6428571428571428,0.4949494949494949,0.47474747474747475,"{'plain_arch': 3, 'tented_arch': 7}"
arch,mlp_small,3,3,244666,72,29,24,7,0,0.6551724137931034,0.536231884057971,0.5292207792207793,0.6719659650694134,"{'plain_arch': 23, 'tented_arch': 6}"
arch,mlp_small,3,4,244666,71,30,23,8,0,0.8,0.64,0.64,0.8,"{'plain_arch': 25, 'tented_arch': 5}"
arch,mlp_small,3,5,244666,75,26,23,8,0,0.6538461538461539,0.6278195488721805,0.6067226890756303,0.6695539754363283,"{'plain_arch': 19, 'tented_arch': 7}"
arch,mlp_small,4,1,244668,76,25,26,5,0,0.68,0.4722222222222222,0.40476190476190477,0.5828571428571429,"{'plain_arch': 18, 'tented_arch': 7}"
arch,mlp_small,4,2,244668,81,20,24,7,0,0.65,0.5,0.4982078853046595,0.6637992831541218,"{'plain_arch': 16, 'tented_arch': 4}"
arch,mlp_small,4,3,244668,93,8,26,5,0,0.5,0.4,0.3333333333333333,0.41666666666666663,"{'plain_arch': 5, 'tented_arch': 3}"
arch,mlp_small,4,4,244668,91,10,25,6,0,0.4,0.4,0.375,0.375,"{'plain_arch': 5, 'tented_arch': 5}"
arch,mlp_small,4,5,244668,63,38,23,8,0,0.7105263157894737,0.6013824884792627,0.5832502492522433,0.7287086110090781,"{'plain_arch': 31, 'tented_arch': 7}"
arch,mlp_small,5,1,244669,84,17,27,4,0,0.7058823529411765,0.5480769230769231,0.5502645502645502,0.6903205726735138,"{'plain_arch': 13, 'tented_arch': 4}"
arch,mlp_small,5,2,244669,82,19,24,7,0,0.631578947368421,0.6458333333333333,0.5521885521885521,0.681197944355839,"{'plain_arch': 16, 'tented_arch': 3}"
arch,mlp_small,5,3,244669,91,10,28,3,0,0.4,0.47619047619047616,0.4,0.4,"{'plain_arch': 3, 'tented_arch': 7}"
arch,mlp_small,5,4,244669,73,28,22,9,0,0.7142857142857143,0.6432748538011696,0.65,0.7035714285714286,"{'plain_arch': 19, 'tented_arch': 9}"
arch,mlp_small,5,5,244669,74,27,23,8,0,0.7037037037037037,0.3958333333333333,0.41304347826086957,0.7342995169082125,"{'plain_arch': 24, 'tented_arch': 3}"
whorl,majority,1,1,244664,403,130,102,26,0,0.9461538461538461,0.3333333333333333,0.3241106719367589,0.9199756764974156,"{'central_pocket_loop_whorl': 2, 'double_loop_whorl': 5, 'plain_whorl': 123}"
whorl,majority,1,2,244664,420,113,104,24,0,0.8761061946902655,0.3333333333333333,0.3113207547169811,0.8182501252295876,"{'central_pocket_loop_whorl': 8, 'double_loop_whorl': 6, 'plain_whorl': 99}"
whorl,majority,1,3,244664,432,101,103,25,0,0.9306930693069307,0.3333333333333333,0.3213675213675214,0.8972835745112974,"{'central_pocket_loop_whorl': 1, 'double_loop_whorl': 6, 'plain_whorl': 94}"
whorl,majority,1,4,244664,433,100,101,27,0,0.94,0.3333333333333333,0.3230240549828179,0.9109278350515464,"{'central_pocket_loop_whorl': 3, 'double_loop_whorl': 3, 'plain_whorl': 94}"
whorl,majority,1,5,244664,444,89,102,26,0,0.8651685393258427,0.3333333333333333,0.3092369477911647,0.8026262352781914,"{'central_pocket_loop_whorl': 6, 'double_loop_whorl': 6, 'plain_whorl': 77}"
whorl,majority,2,1,244665,421,112,102,26,0,0.9196428571428571,0.3333333333333333,0.31937984496124033,0.8811461794019934,"{'central_pocket_loop_whorl': 2, 'double_loop_whorl': 7, 'plain_whorl': 103}"
whorl,majority,2,2,244665,427,106,104,24,0,0.9056603773584906,0.3333333333333333,0.31683168316831684,0.8608257052120306,"{'central_pocket_loop_whorl': 3, 'double_loop_whorl': 7, 'plain_whorl': 96}"
whorl,majority,2,3,244665,442,91,104,24,0,0.8461538461538461,0.3333333333333333,0.3055555555555555,0.7756410256410255,"{'central_pocket_loop_whorl': 7, 'double_loop_whorl': 7, 'plain_whorl': 77}"
whorl,majority,2,4,244665,439,94,102,26,0,0.925531914893617,0.3333333333333333,0.32044198895027626,0.8897378629364053,"{'central_pocket_loop_whorl': 5, 'double_loop_whorl': 2, 'plain_whorl': 87}"
whorl,majority,2,5,244665,403,130,100,28,0,0.9538461538461539,0.3333333333333333,0.32545931758530183,0.9313143549364022,"{'central_pocket_loop_whorl': 3, 'double_loop_whorl': 3, 'plain_whorl': 124}"
whorl,majority,3,1,244666,426,107,103,25,0,0.8598130841121495,0.3333333333333333,0.3082077051926298,0.7950030526464096,"{'central_pocket_loop_whorl': 4, 'double_loop_whorl': 11, 'plain_whorl': 92}"
whorl,majority,3,2,244666,406,127,102,26,0,0.937007874015748,0.3333333333333333,0.32249322493224936,0.9065360732347482,"{'central_pocket_loop_whorl': 1, 'double_loop_whorl': 7, 'plain_whorl': 119}"
whorl,majority,3,3,244666,449,84,105,23,0,0.9047619047619048,0.3333333333333333,0.31666666666666665,0.8595238095238096,"{'central_pocket_loop_whorl': 5, 'double_loop_whorl': 3, 'plain_whorl': 76}"
whorl,majority,3,4,244666,438,95,101,27,0,0.9578947368421052,0.3333333333333333,0.32616487455197135,0.9372948500282966,"{'central_pocket_loop_whorl': 3, 'double_loop_whorl': 1, 'plain_whorl': 91}"
whorl,majority,3,5,244666,413,120,101,27,0,0.9083333333333333,0.3333333333333333,0.3173216885007278,0.8647016011644832,"{'central_pocket_loop_whorl': 7, 'double_loop_whorl': 4, 'plain_whorl': 109}"
whorl,majority,4,1,244667,409,124,103,25,0,0.9516129032258065,0.3333333333333333,0.325068870523416,0.928019194881365,"{'central_pocket_loop_whorl': 3, 'double_loop_whorl': 3, 'plain_whorl': 118}"
whorl,majority,4,2,244667,430,103,101,27,0,0.8446601941747572,0.3333333333333333,0.30526315789473685,0.7735309146653041,"{'central_pocket_loop_whorl': 6, 'double_loop_whorl': 10, 'plain_whorl': 87}"
whorl,majority,4,3,244667,435,98,106,22,0,0.9081632653061225,0.3333333333333333,0.31729055258467026,0.8644548728582342,"{'central_pocket_loop_whorl': 6, 'double_loop_whorl': 3, 'plain_whorl': 89}"
whorl,majority,4,4,244667,428,105,102,26,0,0.9238095238095239,0.3333333333333333,0.3201320132013201,0.8872230080150872,"{'central_pocket_loop_whorl': 1, 'double_loop_whorl': 7, 'plain_whorl': 97}"
whorl,majority,4,5,244667,430,103,100,28,0,0.9320388349514563,0.3333333333333333,0.32160804020100503,0.8992535492998975,"{'central_pocket_loop_whorl': 4, 'double_loop_whorl': 3, 'plain_whorl': 96}"
whorl,majority,5,1,244668,439,94,103,25,0,0.8617021276595744,0.3333333333333333,0.30857142857142855,0.7976899696048633,"{'central_pocket_loop_whorl': 7, 'double_loop_whorl': 6, 'plain_whorl': 81}"
whorl,majority,5,2,244668,416,117,103,25,0,0.9572649572649573,0.3333333333333333,0.3260553129548763,0.9363639756652857,"{'central_pocket_loop_whorl': 4, 'double_loop_whorl': 1, 'plain_whorl': 112}"
whorl,majority,5,3,244668,410,123,104,24,0,0.9349593495934959,0.3333333333333333,0.32212885154061627,0.9035321445651431,"{'central_pocket_loop_whorl': 3, 'double_loop_whorl': 5, 'plain_whorl': 115}"
whorl,majority,5,4,244668,437,96,102,26,0,0.8854166666666666,0.3333333333333333,0.3130755064456722,0.8316068139963169,"{'central_pocket_loop_whorl': 4, 'double_loop_whorl': 7, 'plain_whorl': 85}"
whorl,majority,5,5,244668,430,103,100,28,0,0.912621359223301,0.3333333333333333,0.31810490693739424,0.8709279976344192,"{'central_pocket_loop_whorl': 2, 'double_loop_whorl': 7, 'plain_whorl': 94}"
whorl,logistic_C0.1,1,1,244664,403,130,102,26,0,0.9076923076923077,0.383739837398374,0.39244142101284957,0.9122204779347637,"{'central_pocket_loop_whorl': 2, 'double_loop_whorl': 5, 'plain_whorl': 123}"
whorl,logistic_C0.1,1,2,244664,420,113,104,24,0,0.8672566371681416,0.36826599326599324,0.3849715099715099,0.832870055215188,"{'central_pocket_loop_whorl': 8, 'double_loop_whorl': 6, 'plain_whorl': 99}"
whorl,logistic_C0.1,1,3,244664,432,101,103,25,0,0.8712871287128713,0.5200945626477541,0.5145204703215752,0.9004052126419612,"{'central_pocket_loop_whorl': 1, 'double_loop_whorl': 6, 'plain_whorl': 94}"
whorl,logistic_C0.1,1,4,244664,433,100,101,27,0,0.85,0.516548463356974,0.40827312650517067,0.8713302167445813,"{'central_pocket_loop_whorl': 3, 'double_loop_whorl': 3, 'plain_whorl': 94}"
whorl,logistic_C0.1,1,5,244664,444,89,102,26,0,0.8651685393258427,0.48701298701298706,0.525,0.8441011235955058,"{'central_pocket_loop_whorl': 6, 'double_loop_whorl': 6, 'plain_whorl': 77}"
whorl,logistic_C0.1,2,1,244665,421,112,102,26,0,0.8571428571428571,0.3550624133148405,0.36299892125134847,0.8586309523809524,"{'central_pocket_loop_whorl': 2, 'double_loop_whorl': 7, 'plain_whorl': 103}"
whorl,logistic_C0.1,2,2,244665,427,106,104,24,0,0.8490566037735849,0.3125,0.30612244897959184,0.8317289179822873,"{'central_pocket_loop_whorl': 3, 'double_loop_whorl': 7, 'plain_whorl': 96}"
whorl,logistic_C0.1,2,3,244665,442,91,104,24,0,0.8241758241758241,0.5411255411255411,0.48433048433048437,0.8021038790269559,"{'central_pocket_loop_whorl': 7, 'double_loop_whorl': 7, 'plain_whorl': 77}"
whorl,logistic_C0.1,2,4,244665,439,94,102,26,0,0.8723404255319149,0.37701149425287356,0.37095088819226746,0.8713733075435203,"{'central_pocket_loop_whorl': 5, 'double_loop_whorl': 2, 'plain_whorl': 87}"
whorl,logistic_C0.1,2,5,244665,403,130,100,28,0,0.8846153846153846,0.6344086021505376,0.498310267138719,0.9068511549602634,"{'central_pocket_loop_whorl': 3, 'double_loop_whorl': 3, 'plain_whorl': 124}"
whorl,logistic_C0.1,3,1,244666,426,107,103,25,0,0.8598130841121495,0.46673254281949933,0.47517730496453897,0.8471863193477829,"{'central_pocket_loop_whorl': 4, 'double_loop_whorl': 11, 'plain_whorl': 92}"
whorl,logistic_C0.1,3,2,244666,406,127,102,26,0,0.8740157480314961,0.7310924369747899,0.494471811713191,0.8893345228398174,"{'central_pocket_loop_whorl': 1, 'double_loop_whorl': 7, 'plain_whorl': 119}"
whorl,logistic_C0.1,3,3,244666,449,84,105,23,0,0.8571428571428571,0.48479532163742683,0.47632971317181844,0.8567649281934997,"{'central_pocket_loop_whorl': 5, 'double_loop_whorl': 3, 'plain_whorl': 76}"
whorl,logistic_C0.1,3,4,244666,438,95,101,27,0,0.9052631578947369,0.42246642246642246,0.3999068901303538,0.9176271684798588,"{'central_pocket_loop_whorl': 3, 'double_loop_whorl': 1, 'plain_whorl': 91}"
whorl,logistic_C0.1,3,5,244666,413,120,101,27,0,0.8583333333333333,0.39525993883792054,0.3817663817663817,0.8458689458689459,"{'central_pocket_loop_whorl': 7, 'double_loop_whorl': 4, 'plain_whorl': 109}"
whorl,logistic_C0.1,4,1,244667,409,124,103,25,0,0.9274193548387096,0.4331450094161959,0.4159132007233273,0.9223881467654437,"{'central_pocket_loop_whorl': 3, 'double_loop_whorl': 3, 'plain_whorl': 118}"
whorl,logistic_C0.1,4,2,244667,430,103,101,27,0,0.8349514563106796,0.35900383141762454,0.35858585858585856,0.7840541335686968,"{'central_pocket_loop_whorl': 6, 'double_loop_whorl': 10, 'plain_whorl': 87}"
whorl,logistic_C0.1,4,3,244667,435,98,106,22,0,0.8673469387755102,0.529338327091136,0.5236660389202762,0.8747953418655597,"{'central_pocket_loop_whorl': 6, 'double_loop_whorl': 3, 'plain_whorl': 89}"
whorl,logistic_C0.1,4,4,244667,428,105,102,26,0,0.8476190476190476,0.3500245459008346,0.37222222222222223,0.8601587301587301,"{'central_pocket_loop_whorl': 1, 'double_loop_whorl': 7, 'plain_whorl': 97}"
whorl,logistic_C0.1,4,5,244667,430,103,100,28,0,0.9029126213592233,0.8055555555555555,0.7036905746583165,0.9188437619380306,"{'central_pocket_loop_whorl': 4, 'double_loop_whorl': 3, 'plain_whorl': 96}"
whorl,logistic_C0.1,5,1,244668,439,94,103,25,0,0.8404255319148937,0.4714873603762492,0.483792312105565,0.8258825575859668,"{'central_pocket_loop_whorl': 7, 'double_loop_whorl': 6, 'plain_whorl': 81}"
whorl,logistic_C0.1,5,2,244668,416,117,103,25,0,0.8803418803418803,0.38690476190476186,0.38003072196620585,0.9067548938516681,"{'central_pocket_loop_whorl': 4, 'double_loop_whorl': 1, 'plain_whorl': 112}"
whorl,logistic_C0.1,5,3,244668,410,123,104,24,0,0.9186991869918699,0.4357487922705314,0.45242165242165244,0.9047599193940659,"{'central_pocket_loop_whorl': 3, 'double_loop_whorl': 5, 'plain_whorl': 115}"
whorl,logistic_C0.1,5,4,244668,437,96,102,26,0,0.8854166666666666,0.5438375350140056,0.5740434902284614,0.8774815923479218,"{'central_pocket_loop_whorl': 4, 'double_loop_whorl': 7, 'plain_whorl': 85}"
whorl,logistic_C0.1,5,5,244668,430,103,100,28,0,0.8640776699029126,0.4037487335359676,0.4110747408619749,0.8655713218820016,"{'central_pocket_loop_whorl': 2, 'double_loop_whorl': 7, 'plain_whorl': 94}"
whorl,logistic_C1,1,1,244664,403,130,102,26,0,0.8923076923076924,0.3143631436314363,0.3156462585034014,0.8959497645211931,"{'central_pocket_loop_whorl': 2, 'double_loop_whorl': 5, 'plain_whorl': 123}"
whorl,logistic_C1,1,2,244664,420,113,104,24,0,0.8672566371681416,0.36826599326599324,0.3849715099715099,0.832870055215188,"{'central_pocket_loop_whorl': 8, 'double_loop_whorl': 6, 'plain_whorl': 99}"
whorl,logistic_C1,1,3,244664,432,101,103,25,0,0.8514851485148515,0.408983451536643,0.42722305017386986,0.8760089123666466,"{'central_pocket_loop_whorl': 1, 'double_loop_whorl': 6, 'plain_whorl': 94}"
whorl,logistic_C1,1,4,244664,433,100,101,27,0,0.87,0.5236406619385342,0.4308660374234145,0.8841331346249379,"{'central_pocket_loop_whorl': 3, 'double_loop_whorl': 3, 'plain_whorl': 94}"
whorl,logistic_C1,1,5,244664,444,89,102,26,0,0.8651685393258427,0.48701298701298706,0.525,0.8441011235955058,"{'central_pocket_loop_whorl': 6, 'double_loop_whorl': 6, 'plain_whorl': 77}"
whorl,logistic_C1,2,1,244665,421,112,102,26,0,0.875,0.3615349052242256,0.3664529914529915,0.8681604853479854,"{'central_pocket_loop_whorl': 2, 'double_loop_whorl': 7, 'plain_whorl': 103}"
whorl,logistic_C1,2,2,244665,427,106,104,24,0,0.8490566037735849,0.3125,0.30612244897959184,0.8317289179822873,"{'central_pocket_loop_whorl': 3, 'double_loop_whorl': 7, 'plain_whorl': 96}"
whorl,logistic_C1,2,3,244665,442,91,104,24,0,0.8241758241758241,0.4978354978354978,0.4564408041697692,0.7966664757431697,"{'central_pocket_loop_whorl': 7, 'double_loop_whorl': 7, 'plain_whorl': 77}"
whorl,logistic_C1,2,4,244665,439,94,102,26,0,0.8723404255319149,0.37701149425287356,0.37701149425287356,0.8723404255319149,"{'central_pocket_loop_whorl': 5, 'double_loop_whorl': 2, 'plain_whorl': 87}"
whorl,logistic_C1,2,5,244665,403,130,100,28,0,0.9076923076923077,0.6424731182795699,0.5332546241637152,0.9215330124421034,"{'central_pocket_loop_whorl': 3, 'double_loop_whorl': 3, 'plain_whorl': 124}"
whorl,logistic_C1,3,1,244666,426,107,103,25,0,0.8691588785046729,0.4970355731225296,0.4989868287740628,0.8545294435133369,"{'central_pocket_loop_whorl': 4, 'double_loop_whorl': 11, 'plain_whorl': 92}"
whorl,logistic_C1,3,2,244666,406,127,102,26,0,0.8661417322834646,0.39775910364145656,0.39790176442536956,0.883340655379451,"{'central_pocket_loop_whorl': 1, 'double_loop_whorl': 7, 'plain_whorl': 119}"
whorl,logistic_C1,3,3,244666,449,84,105,23,0,0.8690476190476191,0.4891812865497076,0.494553376906318,0.8648459383753503,"{'central_pocket_loop_whorl': 5, 'double_loop_whorl': 3, 'plain_whorl': 76}"
whorl,logistic_C1,3,4,244666,438,95,101,27,0,0.9052631578947369,0.42246642246642246,0.3999068901303538,0.9176271684798588,"{'central_pocket_loop_whorl': 3, 'double_loop_whorl': 1, 'plain_whorl': 91}"
whorl,logistic_C1,3,5,244666,413,120,101,27,0,0.8583333333333333,0.39525993883792054,0.3696969696969697,0.8483333333333333,"{'central_pocket_loop_whorl': 7, 'double_loop_whorl': 4, 'plain_whorl': 109}"
whorl,logistic_C1,4,1,244667,409,124,103,25,0,0.9274193548387096,0.4331450094161959,0.4159132007233273,0.9223881467654437,"{'central_pocket_loop_whorl': 3, 'double_loop_whorl': 3, 'plain_whorl': 118}"
whorl,logistic_C1,4,2,244667,430,103,101,27,0,0.8252427184466019,0.3846743295019157,0.3896135265700483,0.7879203602082454,"{'central_pocket_loop_whorl': 6, 'double_loop_whorl': 10, 'plain_whorl': 87}"
whorl,logistic_C1,4,3,244667,435,98,106,22,0,0.8571428571428571,0.4737827715355805,0.45711610486891385,0.8581632653061224,"{'central_pocket_loop_whorl': 6, 'double_loop_whorl': 3, 'plain_whorl': 89}"
whorl,logistic_C1,4,4,244667,428,105,102,26,0,0.8476190476190476,0.3058419243986254,0.3058419243986254,0.8476190476190476,"{'central_pocket_loop_whorl': 1, 'double_loop_whorl': 7, 'plain_whorl': 97}"
whorl,logistic_C1,4,5,244667,430,103,100,28,0,0.912621359223301,0.8090277777777778,0.7141159494100671,0.9250916606713293,"{'central_pocket_loop_whorl': 4, 'double_loop_whorl': 3, 'plain_whorl': 96}"
whorl,logistic_C1,5,1,244668,439,94,103,25,0,0.8404255319148937,0.4279835390946502,0.4166666666666667,0.8111702127659575,"{'central_pocket_loop_whorl': 7, 'double_loop_whorl': 6, 'plain_whorl': 81}"
whorl,logistic_C1,5,2,244668,416,117,103,25,0,0.905982905982906,0.3958333333333333,0.4000754147812971,0.9181652937309045,"{'central_pocket_loop_whorl': 4, 'double_loop_whorl': 1, 'plain_whorl': 112}"
whorl,logistic_C1,5,3,244668,410,123,104,24,0,0.926829268292683,0.5024154589371981,0.5371244635193133,0.9187637391395373,"{'central_pocket_loop_whorl': 3, 'double_loop_whorl': 5, 'plain_whorl': 115}"
whorl,logistic_C1,5,4,244668,437,96,102,26,0,0.8854166666666666,0.5438375350140056,0.5740434902284614,0.8774815923479218,"{'central_pocket_loop_whorl': 4, 'double_loop_whorl': 7, 'plain_whorl': 85}"
whorl,logistic_C1,5,5,244668,430,103,100,28,0,0.8543689320388349,0.4002026342451874,0.4034818228366615,0.8633469046873369,"{'central_pocket_loop_whorl': 2, 'double_loop_whorl': 7, 'plain_whorl': 94}"
whorl,linear_svc_C0.1,1,1,244664,403,130,102,26,0,0.823076923076923,0.28997289972899726,0.3022598870056497,0.8579530638852673,"{'central_pocket_loop_whorl': 2, 'double_loop_whorl': 5, 'plain_whorl': 123}"
whorl,linear_svc_C0.1,1,2,244664,420,113,104,24,0,0.8672566371681416,0.32996632996632996,0.30963665086887837,0.8138237637881139,"{'central_pocket_loop_whorl': 8, 'double_loop_whorl': 6, 'plain_whorl': 99}"
whorl,linear_svc_C0.1,1,3,244664,432,101,103,25,0,0.8217821782178217,0.29432624113475175,0.3007246376811594,0.8396470081790788,"{'central_pocket_loop_whorl': 1, 'double_loop_whorl': 6, 'plain_whorl': 94}"
whorl,linear_svc_C0.1,1,4,244664,433,100,101,27,0,0.82,0.5059101654846335,0.42083758937691523,0.85585291113381,"{'central_pocket_loop_whorl': 3, 'double_loop_whorl': 3, 'plain_whorl': 94}"
whorl,linear_svc_C0.1,1,5,244664,444,89,102,26,0,0.8539325842696629,0.4314574314574315,0.43975155279503103,0.822276502198339,"{'central_pocket_loop_whorl': 6, 'double_loop_whorl': 6, 'plain_whorl': 77}"
whorl,linear_svc_C0.1,2,1,244665,421,112,102,26,0,0.8571428571428571,0.5184928340268146,0.4659197012138188,0.8623949579831933,"{'central_pocket_loop_whorl': 2, 'double_loop_whorl': 7, 'plain_whorl': 103}"
whorl,linear_svc_C0.1,2,2,244665,427,106,104,24,0,0.8679245283018868,0.3635912698412698,0.38359788359788355,0.8556454028152141,"{'central_pocket_loop_whorl': 3, 'double_loop_whorl': 7, 'plain_whorl': 96}"
whorl,linear_svc_C0.1,2,3,244665,442,91,104,24,0,0.8351648351648352,0.4588744588744589,0.44513457556935815,0.8002866698518873,"{'central_pocket_loop_whorl': 7, 'double_loop_whorl': 7, 'plain_whorl': 77}"
whorl,linear_svc_C0.1,2,4,244665,439,94,102,26,0,0.8404255319148937,0.36551724137931035,0.3707602339181286,0.85498320268757,"{'central_pocket_loop_whorl': 5, 'double_loop_whorl': 2, 'plain_whorl': 87}"
whorl,linear_svc_C0.1,2,5,244665,403,130,100,28,0,0.8615384615384616,0.6263440860215054,0.46981436642453583,0.8923039672192214,"{'central_pocket_loop_whorl': 3, 'double_loop_whorl': 3, 'plain_whorl': 124}"
whorl,linear_svc_C0.1,3,1,244666,426,107,103,25,0,0.8691588785046729,0.39031620553359686,0.4063492063492064,0.8318647085002225,"{'central_pocket_loop_whorl': 4, 'double_loop_whorl': 11, 'plain_whorl': 92}"
whorl,linear_svc_C0.1,3,2,244666,406,127,102,26,0,0.84251968503937,0.7198879551820728,0.4535885167464115,0.8709440028130454,"{'central_pocket_loop_whorl': 1, 'double_loop_whorl': 7, 'plain_whorl': 119}"
whorl,linear_svc_C0.1,3,3,244666,449,84,105,23,0,0.8809523809523809,0.6002923976608187,0.5759537733221943,0.8788737717309145,"{'central_pocket_loop_whorl': 5, 'double_loop_whorl': 3, 'plain_whorl': 76}"
whorl,linear_svc_C0.1,3,4,244666,438,95,101,27,0,0.8947368421052632,0.4188034188034188,0.39794007490636707,0.9119751626256652,"{'central_pocket_loop_whorl': 3, 'double_loop_whorl': 1, 'plain_whorl': 91}"
whorl,linear_svc_C0.1,3,5,244666,413,120,101,27,0,0.8083333333333333,0.2966360856269113,0.2993827160493827,0.815817901234568,"{'central_pocket_loop_whorl': 7, 'double_loop_whorl': 4, 'plain_whorl': 109}"
whorl,linear_svc_C0.1,4,1,244667,409,124,103,25,0,0.9354838709677419,0.544256120527307,0.48870056497175146,0.9314516129032258,"{'central_pocket_loop_whorl': 3, 'double_loop_whorl': 3, 'plain_whorl': 118}"
whorl,linear_svc_C0.1,4,2,244667,430,103,101,27,0,0.8058252427184466,0.37701149425287356,0.3707773707773708,0.7734153656483754,"{'central_pocket_loop_whorl': 6, 'double_loop_whorl': 10, 'plain_whorl': 87}"
whorl,linear_svc_C0.1,4,3,244667,435,98,106,22,0,0.8469387755102041,0.5255930087390762,0.42629686697483304,0.8423320021382976,"{'central_pocket_loop_whorl': 6, 'double_loop_whorl': 3, 'plain_whorl': 89}"
whorl,linear_svc_C0.1,4,4,244667,428,105,102,26,0,0.8285714285714286,0.29896907216494845,0.3020833333333333,0.837202380952381,"{'central_pocket_loop_whorl': 1, 'double_loop_whorl': 7, 'plain_whorl': 97}"
whorl,linear_svc_C0.1,4,5,244667,430,103,100,28,0,0.8737864077669902,0.579861111111111,0.5147058823529412,0.8886480452728311,"{'central_pocket_loop_whorl': 4, 'double_loop_whorl': 3, 'plain_whorl': 96}"
whorl,linear_svc_C0.1,5,1,244668,439,94,103,25,0,0.8191489361702128,0.3603762492651381,0.3682539682539683,0.7945288753799393,"{'central_pocket_loop_whorl': 7, 'double_loop_whorl': 6, 'plain_whorl': 81}"
whorl,linear_svc_C0.1,5,2,244668,416,117,103,25,0,0.905982905982906,0.31547619047619047,0.3183183183183183,0.9141449141449142,"{'central_pocket_loop_whorl': 4, 'double_loop_whorl': 1, 'plain_whorl': 112}"
whorl,linear_svc_C0.1,5,3,244668,410,123,104,24,0,0.9105691056910569,0.4521739130434783,0.4507936507936508,0.9066976384049554,"{'central_pocket_loop_whorl': 3, 'double_loop_whorl': 5, 'plain_whorl': 115}"
whorl,linear_svc_C0.1,5,4,244668,437,96,102,26,0,0.84375,0.4407563025210084,0.4451723399700278,0.8324890280453864,"{'central_pocket_loop_whorl': 4, 'double_loop_whorl': 7, 'plain_whorl': 85}"
whorl,linear_svc_C0.1,5,5,244668,430,103,100,28,0,0.8155339805825242,0.3419452887537994,0.33613613613613613,0.8264439196478032,"{'central_pocket_loop_whorl': 2, 'double_loop_whorl': 7, 'plain_whorl': 94}"
whorl,linear_svc_C1,1,1,244664,403,130,102,26,0,0.823076923076923,0.28997289972899726,0.3022598870056497,0.8579530638852673,"{'central_pocket_loop_whorl': 2, 'double_loop_whorl': 5, 'plain_whorl': 123}"
whorl,linear_svc_C1,1,2,244664,420,113,104,24,0,0.8672566371681416,0.32996632996632996,0.30963665086887837,0.8138237637881139,"{'central_pocket_loop_whorl': 8, 'double_loop_whorl': 6, 'plain_whorl': 99}"
whorl,linear_svc_C1,1,3,244664,432,101,103,25,0,0.8217821782178217,0.29432624113475175,0.302367941712204,0.8442352431964508,"{'central_pocket_loop_whorl': 1, 'double_loop_whorl': 6, 'plain_whorl': 94}"
whorl,linear_svc_C1,1,4,244664,433,100,101,27,0,0.82,0.5059101654846335,0.41073657927590507,0.8549438202247192,"{'central_pocket_loop_whorl': 3, 'double_loop_whorl': 3, 'plain_whorl': 94}"
whorl,linear_svc_C1,1,5,244664,444,89,102,26,0,0.8426966292134831,0.3759018759018759,0.3730848861283644,0.8087933561309233,"{'central_pocket_loop_whorl': 6, 'double_loop_whorl': 6, 'plain_whorl': 77}"
whorl,linear_svc_C1,2,1,244665,421,112,102,26,0,0.8482142857142857,0.515256588072122,0.44827586206896547,0.8566590429275157,"{'central_pocket_loop_whorl': 2, 'double_loop_whorl': 7, 'plain_whorl': 103}"
whorl,linear_svc_C1,2,2,244665,427,106,104,24,0,0.8679245283018868,0.3635912698412698,0.37777777777777777,0.8584905660377359,"{'central_pocket_loop_whorl': 3, 'double_loop_whorl': 7, 'plain_whorl': 96}"
whorl,linear_svc_C1,2,3,244665,442,91,104,24,0,0.8461538461538461,0.4632034632034632,0.45837290281734727,0.8085323982759879,"{'central_pocket_loop_whorl': 7, 'double_loop_whorl': 7, 'plain_whorl': 77}"
whorl,linear_svc_C1,2,4,244665,439,94,102,26,0,0.8297872340425532,0.3616858237547893,0.3686274509803922,0.8490613266583229,"{'central_pocket_loop_whorl': 5, 'double_loop_whorl': 2, 'plain_whorl': 87}"
whorl,linear_svc_C1,2,5,244665,403,130,100,28,0,0.8692307692307693,0.6290322580645161,0.47873551671020015,0.8971484211990541,"{'central_pocket_loop_whorl': 3, 'double_loop_whorl': 3, 'plain_whorl': 124}"
whorl,linear_svc_C1,3,1,244666,426,107,103,25,0,0.8785046728971962,0.42061923583662714,0.44604810996563576,0.8477502649580886,"{'central_pocket_loop_whorl': 4, 'double_loop_whorl': 11, 'plain_whorl': 92}"
whorl,linear_svc_C1,3,2,244666,406,127,102,26,0,0.8267716535433071,0.7142857142857143,0.43977384464110125,0.8608865816551692,"{'central_pocket_loop_whorl': 1, 'double_loop_whorl': 7, 'plain_whorl': 119}"
whorl,linear_svc_C1,3,3,244666,449,84,105,23,0,0.8928571428571429,0.6669590643274854,0.637275307473983,0.8950533855926476,"{'central_pocket_loop_whorl': 5, 'double_loop_whorl': 3, 'plain_whorl': 76}"
whorl,linear_svc_C1,3,4,244666,438,95,101,27,0,0.8842105263157894,0.41514041514041516,0.3959510357815443,0.906259292298543,"{'central_pocket_loop_whorl': 3, 'double_loop_whorl': 1, 'plain_whorl': 91}"
whorl,linear_svc_C1,3,5,244666,413,120,101,27,0,0.8166666666666667,0.2996941896024465,0.3010752688172043,0.8204301075268817,"{'central_pocket_loop_whorl': 7, 'double_loop_whorl': 4, 'plain_whorl': 109}"
whorl,linear_svc_C1,4,1,244667,409,124,103,25,0,0.9193548387096774,0.5386064030131826,0.45242165242165244,0.9206231044940724,"{'central_pocket_loop_whorl': 3, 'double_loop_whorl': 3, 'plain_whorl': 118}"
whorl,linear_svc_C1,4,2,244667,430,103,101,27,0,0.8058252427184466,0.37701149425287356,0.3707773707773708,0.7734153656483754,"{'central_pocket_loop_whorl': 6, 'double_loop_whorl': 10, 'plain_whorl': 87}"
whorl,linear_svc_C1,4,3,244667,435,98,106,22,0,0.8367346938775511,0.5218476903870162,0.42424242424242425,0.8367346938775511,"{'central_pocket_loop_whorl': 6, 'double_loop_whorl': 3, 'plain_whorl': 89}"
whorl,linear_svc_C1,4,4,244667,428,105,102,26,0,0.8285714285714286,0.29896907216494845,0.3020833333333333,0.837202380952381,"{'central_pocket_loop_whorl': 1, 'double_loop_whorl': 7, 'plain_whorl': 97}"
whorl,linear_svc_C1,4,5,244667,430,103,100,28,0,0.8737864077669902,0.47222222222222215,0.4316177649510983,0.8820521441880664,"{'central_pocket_loop_whorl': 4, 'double_loop_whorl': 3, 'plain_whorl': 96}"
whorl,linear_svc_C1,5,1,244668,439,94,103,25,0,0.8191489361702128,0.3603762492651381,0.3682539682539683,0.7945288753799393,"{'central_pocket_loop_whorl': 7, 'double_loop_whorl': 6, 'plain_whorl': 81}"
whorl,linear_svc_C1,5,2,244668,416,117,103,25,0,0.9145299145299145,0.318452380952381,0.31988041853512705,0.9186309455367752,"{'central_pocket_loop_whorl': 4, 'double_loop_whorl': 1, 'plain_whorl': 112}"
whorl,linear_svc_C1,5,3,244668,410,123,104,24,0,0.9105691056910569,0.4521739130434783,0.4507936507936508,0.9066976384049554,"{'central_pocket_loop_whorl': 3, 'double_loop_whorl': 5, 'plain_whorl': 115}"
whorl,linear_svc_C1,5,4,244668,437,96,102,26,0,0.8333333333333334,0.4368347338935574,0.4370057160754835,0.8255691605982302,"{'central_pocket_loop_whorl': 4, 'double_loop_whorl': 7, 'plain_whorl': 85}"
whorl,linear_svc_C1,5,5,244668,430,103,100,28,0,0.8155339805825242,0.3419452887537994,0.3383147853736089,0.8268881102690356,"{'central_pocket_loop_whorl': 2, 'double_loop_whorl': 7, 'plain_whorl': 94}"
whorl,rbf_svc_C1,1,1,244664,403,130,102,26,0,0.9307692307692308,0.32791327913279134,0.32138114209827356,0.9122280110327919,"{'central_pocket_loop_whorl': 2, 'double_loop_whorl': 5, 'plain_whorl': 123}"
whorl,rbf_svc_C1,1,2,244664,420,113,104,24,0,0.8672566371681416,0.32996632996632996,0.30963665086887837,0.8138237637881139,"{'central_pocket_loop_whorl': 8, 'double_loop_whorl': 6, 'plain_whorl': 99}"
whorl,rbf_svc_C1,1,3,244664,432,101,103,25,0,0.9306930693069307,0.3333333333333333,0.3213675213675214,0.8972835745112974,"{'central_pocket_loop_whorl': 1, 'double_loop_whorl': 6, 'plain_whorl': 94}"
whorl,rbf_svc_C1,1,4,244664,433,100,101,27,0,0.93,0.3297872340425532,0.32124352331606215,0.9059067357512953,"{'central_pocket_loop_whorl': 3, 'double_loop_whorl': 3, 'plain_whorl': 94}"
whorl,rbf_svc_C1,1,5,244664,444,89,102,26,0,0.8651685393258427,0.3333333333333333,0.3092369477911647,0.8026262352781914,"{'central_pocket_loop_whorl': 6, 'double_loop_whorl': 6, 'plain_whorl': 77}"
whorl,rbf_svc_C1,2,1,244665,421,112,102,26,0,0.9107142857142857,0.3300970873786408,0.3177570093457944,0.8766688918558077,"{'central_pocket_loop_whorl': 2, 'double_loop_whorl': 7, 'plain_whorl': 103}"
whorl,rbf_svc_C1,2,2,244665,427,106,104,24,0,0.9056603773584906,0.3333333333333333,0.31683168316831684,0.8608257052120306,"{'central_pocket_loop_whorl': 3, 'double_loop_whorl': 7, 'plain_whorl': 96}"
whorl,rbf_svc_C1,2,3,244665,442,91,104,24,0,0.8351648351648352,0.329004329004329,0.30339321357285426,0.7701520036849377,"{'central_pocket_loop_whorl': 7, 'double_loop_whorl': 7, 'plain_whorl': 77}"
whorl,rbf_svc_C1,2,4,244665,439,94,102,26,0,0.925531914893617,0.3333333333333333,0.32044198895027626,0.8897378629364053,"{'central_pocket_loop_whorl': 5, 'double_loop_whorl': 2, 'plain_whorl': 87}"
whorl,rbf_svc_C1,2,5,244665,403,130,100,28,0,0.9461538461538461,0.33064516129032256,0.3241106719367589,0.9274551535421101,"{'central_pocket_loop_whorl': 3, 'double_loop_whorl': 3, 'plain_whorl': 124}"
whorl,rbf_svc_C1,3,1,244666,426,107,103,25,0,0.8598130841121495,0.3333333333333333,0.3082077051926298,0.7950030526464096,"{'central_pocket_loop_whorl': 4, 'double_loop_whorl': 11, 'plain_whorl': 92}"
whorl,rbf_svc_C1,3,2,244666,406,127,102,26,0,0.9291338582677166,0.33053221288515405,0.32108843537414966,0.9025871766029246,"{'central_pocket_loop_whorl': 1, 'double_loop_whorl': 7, 'plain_whorl': 119}"
whorl,rbf_svc_C1,3,3,244666,449,84,105,23,0,0.9047619047619048,0.3333333333333333,0.31666666666666665,0.8595238095238096,"{'central_pocket_loop_whorl': 5, 'double_loop_whorl': 3, 'plain_whorl': 76}"
whorl,rbf_svc_C1,3,4,244666,438,95,101,27,0,0.9578947368421052,0.3333333333333333,0.32616487455197135,0.9372948500282966,"{'central_pocket_loop_whorl': 3, 'double_loop_whorl': 1, 'plain_whorl': 91}"
whorl,rbf_svc_C1,3,5,244666,413,120,101,27,0,0.9083333333333333,0.3333333333333333,0.3173216885007278,0.8647016011644832,"{'central_pocket_loop_whorl': 7, 'double_loop_whorl': 4, 'plain_whorl': 109}"
whorl,rbf_svc_C1,4,1,244667,409,124,103,25,0,0.9435483870967742,0.3305084745762712,0.3236514522821577,0.9239726944184179,"{'central_pocket_loop_whorl': 3, 'double_loop_whorl': 3, 'plain_whorl': 118}"
whorl,rbf_svc_C1,4,2,244667,430,103,101,27,0,0.8446601941747572,0.3333333333333333,0.30526315789473685,0.7735309146653041,"{'central_pocket_loop_whorl': 6, 'double_loop_whorl': 10, 'plain_whorl': 87}"
whorl,rbf_svc_C1,4,3,244667,435,98,106,22,0,0.8979591836734694,0.3295880149812734,0.31541218637992835,0.8593372833004169,"{'central_pocket_loop_whorl': 6, 'double_loop_whorl': 3, 'plain_whorl': 89}"
whorl,rbf_svc_C1,4,4,244667,428,105,102,26,0,0.9142857142857143,0.32989690721649484,0.31840796019900497,0.8824449182658137,"{'central_pocket_loop_whorl': 1, 'double_loop_whorl': 7, 'plain_whorl': 97}"
whorl,rbf_svc_C1,4,5,244667,430,103,100,28,0,0.9320388349514563,0.3333333333333333,0.32160804020100503,0.8992535492998975,"{'central_pocket_loop_whorl': 4, 'double_loop_whorl': 3, 'plain_whorl': 96}"
whorl,rbf_svc_C1,5,1,244668,439,94,103,25,0,0.8617021276595744,0.3333333333333333,0.30857142857142855,0.7976899696048633,"{'central_pocket_loop_whorl': 7, 'double_loop_whorl': 6, 'plain_whorl': 81}"
whorl,rbf_svc_C1,5,2,244668,416,117,103,25,0,0.9487179487179487,0.33035714285714285,0.32456140350877194,0.9320737741790374,"{'central_pocket_loop_whorl': 4, 'double_loop_whorl': 1, 'plain_whorl': 112}"
whorl,rbf_svc_C1,5,3,244668,410,123,104,24,0,0.9349593495934959,0.3333333333333333,0.32212885154061627,0.9035321445651431,"{'central_pocket_loop_whorl': 3, 'double_loop_whorl': 5, 'plain_whorl': 115}"
whorl,rbf_svc_C1,5,4,244668,437,96,102,26,0,0.875,0.32941176470588235,0.3111111111111111,0.8263888888888888,"{'central_pocket_loop_whorl': 4, 'double_loop_whorl': 7, 'plain_whorl': 85}"
whorl,rbf_svc_C1,5,5,244668,430,103,100,28,0,0.9029126213592233,0.3297872340425532,0.3163265306122449,0.8660590449772143,"{'central_pocket_loop_whorl': 2, 'double_loop_whorl': 7, 'plain_whorl': 94}"
whorl,rbf_svc_C10,1,1,244664,403,130,102,26,0,0.9461538461538461,0.3333333333333333,0.3241106719367589,0.9199756764974156,"{'central_pocket_loop_whorl': 2, 'double_loop_whorl': 5, 'plain_whorl': 123}"
whorl,rbf_svc_C10,1,2,244664,420,113,104,24,0,0.8761061946902655,0.3333333333333333,0.3113207547169811,0.8182501252295876,"{'central_pocket_loop_whorl': 8, 'double_loop_whorl': 6, 'plain_whorl': 99}"
whorl,rbf_svc_C10,1,3,244664,432,101,103,25,0,0.9306930693069307,0.3333333333333333,0.3213675213675214,0.8972835745112974,"{'central_pocket_loop_whorl': 1, 'double_loop_whorl': 6, 'plain_whorl': 94}"
whorl,rbf_svc_C10,1,4,244664,433,100,101,27,0,0.94,0.3333333333333333,0.3230240549828179,0.9109278350515464,"{'central_pocket_loop_whorl': 3, 'double_loop_whorl': 3, 'plain_whorl': 94}"
whorl,rbf_svc_C10,1,5,244664,444,89,102,26,0,0.8651685393258427,0.3333333333333333,0.3092369477911647,0.8026262352781914,"{'central_pocket_loop_whorl': 6, 'double_loop_whorl': 6, 'plain_whorl': 77}"
whorl,rbf_svc_C10,2,1,244665,421,112,102,26,0,0.9196428571428571,0.3333333333333333,0.31937984496124033,0.8811461794019934,"{'central_pocket_loop_whorl': 2, 'double_loop_whorl': 7, 'plain_whorl': 103}"
whorl,rbf_svc_C10,2,2,244665,427,106,104,24,0,0.9056603773584906,0.3333333333333333,0.31683168316831684,0.8608257052120306,"{'central_pocket_loop_whorl': 3, 'double_loop_whorl': 7, 'plain_whorl': 96}"
whorl,rbf_svc_C10,2,3,244665,442,91,104,24,0,0.8461538461538461,0.3333333333333333,0.3055555555555555,0.7756410256410255,"{'central_pocket_loop_whorl': 7, 'double_loop_whorl': 7, 'plain_whorl': 77}"
whorl,rbf_svc_C10,2,4,244665,439,94,102,26,0,0.925531914893617,0.3333333333333333,0.32044198895027626,0.8897378629364053,"{'central_pocket_loop_whorl': 5, 'double_loop_whorl': 2, 'plain_whorl': 87}"
whorl,rbf_svc_C10,2,5,244665,403,130,100,28,0,0.9538461538461539,0.3333333333333333,0.32545931758530183,0.9313143549364022,"{'central_pocket_loop_whorl': 3, 'double_loop_whorl': 3, 'plain_whorl': 124}"
whorl,rbf_svc_C10,3,1,244666,426,107,103,25,0,0.8598130841121495,0.3333333333333333,0.3082077051926298,0.7950030526464096,"{'central_pocket_loop_whorl': 4, 'double_loop_whorl': 11, 'plain_whorl': 92}"
whorl,rbf_svc_C10,3,2,244666,406,127,102,26,0,0.937007874015748,0.3333333333333333,0.32249322493224936,0.9065360732347482,"{'central_pocket_loop_whorl': 1, 'double_loop_whorl': 7, 'plain_whorl': 119}"
whorl,rbf_svc_C10,3,3,244666,449,84,105,23,0,0.9047619047619048,0.3333333333333333,0.31666666666666665,0.8595238095238096,"{'central_pocket_loop_whorl': 5, 'double_loop_whorl': 3, 'plain_whorl': 76}"
whorl,rbf_svc_C10,3,4,244666,438,95,101,27,0,0.9578947368421052,0.3333333333333333,0.32616487455197135,0.9372948500282966,"{'central_pocket_loop_whorl': 3, 'double_loop_whorl': 1, 'plain_whorl': 91}"
whorl,rbf_svc_C10,3,5,244666,413,120,101,27,0,0.9083333333333333,0.3333333333333333,0.3173216885007278,0.8647016011644832,"{'central_pocket_loop_whorl': 7, 'double_loop_whorl': 4, 'plain_whorl': 109}"
whorl,rbf_svc_C10,4,1,244667,409,124,103,25,0,0.9516129032258065,0.3333333333333333,0.325068870523416,0.928019194881365,"{'central_pocket_loop_whorl': 3, 'double_loop_whorl': 3, 'plain_whorl': 118}"
whorl,rbf_svc_C10,4,2,244667,430,103,101,27,0,0.8446601941747572,0.3333333333333333,0.30526315789473685,0.7735309146653041,"{'central_pocket_loop_whorl': 6, 'double_loop_whorl': 10, 'plain_whorl': 87}"
whorl,rbf_svc_C10,4,3,244667,435,98,106,22,0,0.8979591836734694,0.3295880149812734,0.31541218637992835,0.8593372833004169,"{'central_pocket_loop_whorl': 6, 'double_loop_whorl': 3, 'plain_whorl': 89}"
whorl,rbf_svc_C10,4,4,244667,428,105,102,26,0,0.9238095238095239,0.3333333333333333,0.3201320132013201,0.8872230080150872,"{'central_pocket_loop_whorl': 1, 'double_loop_whorl': 7, 'plain_whorl': 97}"
whorl,rbf_svc_C10,4,5,244667,430,103,100,28,0,0.9320388349514563,0.3333333333333333,0.32160804020100503,0.8992535492998975,"{'central_pocket_loop_whorl': 4, 'double_loop_whorl': 3, 'plain_whorl': 96}"
whorl,rbf_svc_C10,5,1,244668,439,94,103,25,0,0.8617021276595744,0.3333333333333333,0.30857142857142855,0.7976899696048633,"{'central_pocket_loop_whorl': 7, 'double_loop_whorl': 6, 'plain_whorl': 81}"
whorl,rbf_svc_C10,5,2,244668,416,117,103,25,0,0.9572649572649573,0.3333333333333333,0.3260553129548763,0.9363639756652857,"{'central_pocket_loop_whorl': 4, 'double_loop_whorl': 1, 'plain_whorl': 112}"
whorl,rbf_svc_C10,5,3,244668,410,123,104,24,0,0.9349593495934959,0.3333333333333333,0.32212885154061627,0.9035321445651431,"{'central_pocket_loop_whorl': 3, 'double_loop_whorl': 5, 'plain_whorl': 115}"
whorl,rbf_svc_C10,5,4,244668,437,96,102,26,0,0.8854166666666666,0.3333333333333333,0.3130755064456722,0.8316068139963169,"{'central_pocket_loop_whorl': 4, 'double_loop_whorl': 7, 'plain_whorl': 85}"
whorl,rbf_svc_C10,5,5,244668,430,103,100,28,0,0.9029126213592233,0.3297872340425532,0.3163265306122449,0.8660590449772143,"{'central_pocket_loop_whorl': 2, 'double_loop_whorl': 7, 'plain_whorl': 94}"
