fold,stage,epoch,seconds,train_loss,train_macro_f1,validation_loss,validation_accuracy,validation_macro_f1
1,head,1,23.258698425999995,1.3283975956051848,0.32072804264931565,1.3185138802930534,0.44176706827309237,0.2725068522032469
1,head,2,4.837591087999982,1.211102427438248,0.4533906937371557,1.1831711899324593,0.5542168674698795,0.45882637131874415
1,head,3,6.497449935999981,1.1355068905408991,0.5303453689424764,1.1952653639766586,0.4939759036144578,0.40811152703891546
1,full,1,15.139751822000022,0.9732680902924649,0.6227390592409796,0.8510349780680185,0.6666666666666666,0.5828001467300039
1,full,2,6.644521857000001,0.7160100923028103,0.7836086739432166,0.6771005459099888,0.8072289156626506,0.7618505143609323
1,full,3,8.028267588999995,0.564765217692353,0.8388128569088782,0.557646568879545,0.8714859437751004,0.8377230881266031
1,full,4,6.566225513000006,0.4657006818194722,0.8883682176338838,0.5604233760910341,0.8875502008032129,0.8493498993498994
1,full,5,8.654229101999988,0.40918805779412737,0.9254245528693078,0.5211081489262331,0.8955823293172691,0.8569106212442361
1,full,6,6.561524431000009,0.3980570969193481,0.9217020780435672,0.4927797161910429,0.891566265060241,0.8549754586458688
1,full,7,9.850090848999969,0.3619345357251722,0.9424510942665225,0.5163535436233843,0.8955823293172691,0.8608689229958666
1,full,8,6.589782619000005,0.3390492921651796,0.9673122433292958,0.48490439935860385,0.9116465863453815,0.8846845556404379
1,full,9,8.363755187000038,0.3318747857282328,0.9601020963014403,0.4819594124952952,0.9116465863453815,0.882939491085312
1,full,10,6.654508838000027,0.3142665278079898,0.9719743427769059,0.509210668175096,0.8955823293172691,0.8546370084525488
1,full,11,8.126922681999986,0.31007037987542707,0.9743383327041726,0.49470184378355864,0.9156626506024096,0.8866284289136888
1,full,12,6.666070429999991,0.2965716740419698,0.9784656123716671,0.5189248686095318,0.9196787148594378,0.8973575400487227
1,full,13,8.350521491999984,0.2943194997172023,0.9804015982206712,0.5129627849921644,0.9196787148594378,0.8925223717325576
1,full,14,6.670681901000023,0.28526579502016997,0.9874738664191876,0.5116695679095854,0.9196787148594378,0.8875728434259503
1,full,15,8.153374821,0.28220442180023636,0.9869391094094648,0.5154417894451494,0.9076305220883534,0.8719910051702098
2,head,1,10.564944429000036,1.337899561882019,0.31843304637198866,1.2601370684192699,0.4483985765124555,0.36791440968011424
2,head,2,5.299673640000037,1.2207737436294557,0.4256511539108712,1.1872156459665808,0.5231316725978647,0.434562739955729
2,head,3,5.064390249000041,1.141688497543335,0.5114027946464339,1.1469645708056955,0.501779359430605,0.3981284075001842
2,full,1,14.701779127000009,0.9675554037094116,0.6347913375093094,0.8176075941303023,0.7224199288256228,0.6731228309480719
2,full,2,8.77373454000002,0.7254239530563354,0.8033968274511288,0.6300414295807428,0.8256227758007118,0.7802291580500615
2,full,3,7.220867125000041,0.5560403091907501,0.8624627133775937,0.5435051714398259,0.8683274021352313,0.8184553071048628
2,full,4,8.429599313999972,0.4799766297340393,0.8977494540277543,0.5216958268257222,0.8861209964412812,0.8374433726470358
2,full,5,7.9606165929999975,0.4440629460811615,0.901998007467543,0.5251686950595353,0.8825622775800712,0.8392137525621688
2,full,6,7.5342661519999865,0.3898508186340332,0.9379576052007097,0.5195293299243968,0.8825622775800712,0.8324599223110988
2,full,7,8.14221738499998,0.34114011192321775,0.9610594270981265,0.5235570792201575,0.8825622775800712,0.8251744534823191
2,full,8,7.182847099000014,0.3334267234802246,0.9689029271760347,0.5217025699988803,0.8932384341637011,0.8441779833492468
2,full,9,8.008253575000026,0.31796363520622256,0.9648959550926987,0.5154608929284527,0.8932384341637011,0.8460622045636979
2,full,10,6.954309054000021,0.3236721911430359,0.965292582572542,0.5049177382764443,0.9039145907473309,0.857749145531951
2,full,11,8.922828084999992,0.30674336838722227,0.9733864844531164,0.4737594140382,0.9039145907473309,0.8594810498158185
2,full,12,7.169065765000028,0.30871827697753906,0.9781585357227808,0.49779728850435956,0.896797153024911,0.8456797458507445
2,full,13,8.414876236999987,0.3039902722835541,0.9712249213180227,0.48924151815977807,0.9074733096085409,0.8605841018884497
2,full,14,6.819906110999966,0.2834197133779526,0.9823529642512382,0.49306931487181854,0.9074733096085409,0.8586956834015658
2,full,15,8.75532075000001,0.28113241064548494,0.9895147377377675,0.5042266565709775,0.900355871886121,0.8408913835534526
3,head,1,14.607316878999995,1.3195251392546066,0.32745198202637915,1.3129010791996962,0.42748091603053434,0.3564354528885742
3,head,2,4.755591017999961,1.1914606240593533,0.4320967272365493,1.18657322876326,0.5038167938931297,0.408635609293504
3,head,3,6.716456334000043,1.1466960536135073,0.4877929841722145,1.1456776602577616,0.5038167938931297,0.4266274612007033
3,full,1,14.618535295000015,0.9822991059268655,0.6152949553258834,0.8323271461115539,0.7557251908396947,0.7178596491228071
3,full,2,6.634505917999945,0.712364618045893,0.7965621208250193,0.6135716729491721,0.8473282442748091,0.8252799072135889
3,full,3,7.984640775999992,0.5509649062414048,0.8491298713793521,0.5237618766668188,0.8854961832061069,0.8674046479084991
3,full,4,6.677765442000009,0.4545568385407314,0.8970741586669587,0.4864113801763258,0.8969465648854962,0.8810084482666898
3,full,5,8.082317711999963,0.41069144715387756,0.9187468506580152,0.47677972935538254,0.8931297709923665,0.8777489420156468
3,full,6,6.861721233000026,0.3859679910982205,0.9400101015400841,0.4697578585784854,0.9007633587786259,0.8848348750470907
3,full,7,7.996272928000053,0.3669127312445898,0.9361178125307128,0.46438175872082016,0.9083969465648855,0.89005681450506
3,full,8,6.569560153999987,0.3509498150823629,0.948232393009701,0.4723507024859654,0.916030534351145,0.8999038323694795
3,full,9,8.474118017000023,0.3214437353248334,0.9720756322315509,0.47636362205024896,0.9083969465648855,0.8895559922049989
3,full,10,6.536596939999981,0.30886180150497183,0.9688943539773737,0.4970214753660537,0.9045801526717557,0.8823245199744449
3,full,11,8.036636821999991,0.3023604416636653,0.9826715116751433,0.511198265179423,0.916030534351145,0.8973554660398739
3,full,12,6.555825829000014,0.30082599080228944,0.9818230160236404,0.4921863745642072,0.9122137404580153,0.8941227260899391
3,full,13,8.085739102999923,0.2820834993614182,0.9929039633708472,0.4838281808463672,0.9236641221374046,0.9086730600333589
3,full,14,6.48507348499993,0.2929538009913092,0.9839488139034716,0.47308320057301123,0.9236641221374046,0.9073691685547606
3,full,15,8.437019052999972,0.29292488399384886,0.9831077712579498,0.4901507669732771,0.916030534351145,0.8992363253856942
4,head,1,10.13154497000005,1.323159446223972,0.35947249852996876,1.2970520511586616,0.42127659574468085,0.3785792094615624
4,head,2,6.169936527000004,1.202288903196273,0.47542307546155016,1.1894792617635523,0.43829787234042555,0.34584611402805393
4,head,3,5.0389496499999495,1.1392981399769537,0.5062047342319113,1.1524643908155725,0.4723404255319149,0.3613159287935941
4,full,1,14.820842071000015,0.947287058625121,0.6326386780203014,0.8513913301711387,0.723404255319149,0.6946339287373839
4,full,2,8.46098735399994,0.6770911383127391,0.8165389542577676,0.6602512045109525,0.8382978723404255,0.8050421522871385
4,full,3,6.767580011000064,0.5378864376768328,0.8629508627070233,0.593565748092976,0.8638297872340426,0.8406940558715177
4,full,4,8.78420959999994,0.46064182449253294,0.8924667832008232,0.5284445800679796,0.8978723404255319,0.8707937536332135
4,full,5,6.87543972900005,0.41351190648160974,0.9249099434861708,0.5163722251323943,0.8978723404255319,0.8710308535271425
4,full,6,8.799558692000005,0.38764086132067793,0.9361479390713165,0.4946244802880794,0.9234042553191489,0.8976497367715401
4,full,7,7.280148867999969,0.35289656888002646,0.9527658404534443,0.5015469365931572,0.9148936170212766,0.8938453299658896
4,full,8,8.037130653999952,0.3546548311386692,0.9430057506770422,0.5103847782662574,0.9063829787234042,0.8729101769029686
4,full,9,7.303776190999997,0.3203917954893459,0.9739423384979303,0.47004718920017813,0.9191489361702128,0.885388025287406
4,full,10,7.644871316000035,0.3200874854000303,0.9619736458369155,0.4596517895130401,0.9276595744680851,0.8985695056117591
4,full,11,7.288325217000079,0.29612234935705795,0.979787401165803,0.4557785599789721,0.9276595744680851,0.8925771674128598
5,head,1,14.72651475500004,1.342393737921116,0.3069670794413378,1.2181795478805781,0.42913385826771655,0.309511910711311
5,head,2,5.423354614999994,1.2335029531709174,0.43287662230695007,1.1664497401770644,0.49606299212598426,0.40460231167579525
5,head,3,5.291152071999932,1.138260079915939,0.5066967293644337,1.134773701194703,0.5196850393700787,0.4531254285938204
5,full,1,14.938503418999971,0.9630961213859403,0.6217251575233173,0.796545444980381,0.7677165354330708,0.7257345724450988
5,full,2,8.391454623999948,0.6852502410808812,0.8144859759680161,0.6015319063907533,0.8622047244094488,0.8099623564840955
5,full,3,7.660782425999969,0.5279172340874082,0.8644630901216692,0.5620628553112661,0.8661417322834646,0.8139076841401945
5,full,4,7.721048378999967,0.43887328666280284,0.9062760218804173,0.5350273673928628,0.8818897637795275,0.8297874619066367
5,full,5,7.8347432260000005,0.4016428285123311,0.9144958533832043,0.5228673435571626,0.8779527559055118,0.8200608970951319
5,full,6,8.01472964300001,0.3680067003759925,0.9342187244598092,0.5124551301866066,0.8937007874015748,0.8392082851030345
5,full,7,8.293397142000003,0.36515010929618397,0.9336024365199975,0.5192939427893931,0.8858267716535433,0.819935064935065
5,full,8,7.4799723039999435,0.3505221725728983,0.9476604643206811,0.49873238661157804,0.8937007874015748,0.8411385587601337
5,full,9,8.570524814999999,0.3243177729897281,0.9653537956532695,0.5076200084423456,0.8937007874015748,0.8376993052523631
5,full,10,7.150919337999994,0.29143039474468735,0.9790123619718754,0.5144457788917962,0.8937007874015748,0.8536579686980218
5,full,11,8.67743241300002,0.2928859374423338,0.9758354474098054,0.4749543070793152,0.9133858267716536,0.8730381684285407
5,full,12,7.090727517000005,0.28826422620829495,0.9791047825088419,0.4800827306086623,0.8937007874015748,0.8427158861094959
5,full,13,8.761154916999999,0.27829097497196253,0.986240737593792,0.4784158515179251,0.9133858267716536,0.8779999113256768
5,full,14,7.061437952999995,0.28550568272331556,0.9764052084257265,0.5007738808947285,0.8858267716535433,0.8341215916155964
5,full,15,8.889530259999901,0.278578165530462,0.982244044751777,0.48935922346715854,0.889763779527559,0.8312128639334522
