task,model,fold,accuracy,balanced_accuracy,macro_f1,weighted_f1,train_class_counts,test_class_counts
arch,majority,1,0.7142857142857143,0.5,0.4166666666666667,0.5952380952380952,"{'plain_arch': 60, 'tented_arch': 20}","{'plain_arch': 15, 'tented_arch': 6}"
arch,majority,2,0.75,0.5,0.42857142857142855,0.6428571428571428,"{'plain_arch': 60, 'tented_arch': 21}","{'plain_arch': 15, 'tented_arch': 5}"
arch,majority,3,0.75,0.5,0.42857142857142855,0.6428571428571428,"{'plain_arch': 60, 'tented_arch': 21}","{'plain_arch': 15, 'tented_arch': 5}"
arch,majority,4,0.75,0.5,0.42857142857142855,0.6428571428571428,"{'plain_arch': 60, 'tented_arch': 21}","{'plain_arch': 15, 'tented_arch': 5}"
arch,majority,5,0.75,0.5,0.42857142857142855,0.6428571428571428,"{'plain_arch': 60, 'tented_arch': 21}","{'plain_arch': 15, 'tented_arch': 5}"
arch,majority,6,0.7142857142857143,0.5,0.4166666666666667,0.5952380952380952,"{'plain_arch': 60, 'tented_arch': 20}","{'plain_arch': 15, 'tented_arch': 6}"
arch,majority,7,0.75,0.5,0.42857142857142855,0.6428571428571428,"{'plain_arch': 60, 'tented_arch': 21}","{'plain_arch': 15, 'tented_arch': 5}"
arch,majority,8,0.75,0.5,0.42857142857142855,0.6428571428571428,"{'plain_arch': 60, 'tented_arch': 21}","{'plain_arch': 15, 'tented_arch': 5}"
arch,majority,9,0.75,0.5,0.42857142857142855,0.6428571428571428,"{'plain_arch': 60, 'tented_arch': 21}","{'plain_arch': 15, 'tented_arch': 5}"
arch,majority,10,0.75,0.5,0.42857142857142855,0.6428571428571428,"{'plain_arch': 60, 'tented_arch': 21}","{'plain_arch': 15, 'tented_arch': 5}"
arch,majority,11,0.7142857142857143,0.5,0.4166666666666667,0.5952380952380952,"{'plain_arch': 60, 'tented_arch': 20}","{'plain_arch': 15, 'tented_arch': 6}"
arch,majority,12,0.75,0.5,0.42857142857142855,0.6428571428571428,"{'plain_arch': 60, 'tented_arch': 21}","{'plain_arch': 15, 'tented_arch': 5}"
arch,majority,13,0.75,0.5,0.42857142857142855,0.6428571428571428,"{'plain_arch': 60, 'tented_arch': 21}","{'plain_arch': 15, 'tented_arch': 5}"
arch,majority,14,0.75,0.5,0.42857142857142855,0.6428571428571428,"{'plain_arch': 60, 'tented_arch': 21}","{'plain_arch': 15, 'tented_arch': 5}"
arch,majority,15,0.75,0.5,0.42857142857142855,0.6428571428571428,"{'plain_arch': 60, 'tented_arch': 21}","{'plain_arch': 15, 'tented_arch': 5}"
arch,majority,16,0.7142857142857143,0.5,0.4166666666666667,0.5952380952380952,"{'plain_arch': 60, 'tented_arch': 20}","{'plain_arch': 15, 'tented_arch': 6}"
arch,majority,17,0.75,0.5,0.42857142857142855,0.6428571428571428,"{'plain_arch': 60, 'tented_arch': 21}","{'plain_arch': 15, 'tented_arch': 5}"
arch,majority,18,0.75,0.5,0.42857142857142855,0.6428571428571428,"{'plain_arch': 60, 'tented_arch': 21}","{'plain_arch': 15, 'tented_arch': 5}"
arch,majority,19,0.75,0.5,0.42857142857142855,0.6428571428571428,"{'plain_arch': 60, 'tented_arch': 21}","{'plain_arch': 15, 'tented_arch': 5}"
arch,majority,20,0.75,0.5,0.42857142857142855,0.6428571428571428,"{'plain_arch': 60, 'tented_arch': 21}","{'plain_arch': 15, 'tented_arch': 5}"
arch,majority,21,0.7142857142857143,0.5,0.4166666666666667,0.5952380952380952,"{'plain_arch': 60, 'tented_arch': 20}","{'plain_arch': 15, 'tented_arch': 6}"
arch,majority,22,0.75,0.5,0.42857142857142855,0.6428571428571428,"{'plain_arch': 60, 'tented_arch': 21}","{'plain_arch': 15, 'tented_arch': 5}"
arch,majority,23,0.75,0.5,0.42857142857142855,0.6428571428571428,"{'plain_arch': 60, 'tented_arch': 21}","{'plain_arch': 15, 'tented_arch': 5}"
arch,majority,24,0.75,0.5,0.42857142857142855,0.6428571428571428,"{'plain_arch': 60, 'tented_arch': 21}","{'plain_arch': 15, 'tented_arch': 5}"
arch,majority,25,0.75,0.5,0.42857142857142855,0.6428571428571428,"{'plain_arch': 60, 'tented_arch': 21}","{'plain_arch': 15, 'tented_arch': 5}"
arch,logistic_C0.1,1,0.7142857142857143,0.55,0.5367647058823529,0.6596638655462185,"{'plain_arch': 60, 'tented_arch': 20}","{'plain_arch': 15, 'tented_arch': 6}"
arch,logistic_C0.1,2,0.6,0.4666666666666667,0.4666666666666667,0.6,"{'plain_arch': 60, 'tented_arch': 21}","{'plain_arch': 15, 'tented_arch': 5}"
arch,logistic_C0.1,3,0.85,0.7666666666666666,0.7849462365591398,0.8440860215053764,"{'plain_arch': 60, 'tented_arch': 21}","{'plain_arch': 15, 'tented_arch': 5}"
arch,logistic_C0.1,4,0.65,0.5,0.4982078853046595,0.6362007168458781,"{'plain_arch': 60, 'tented_arch': 21}","{'plain_arch': 15, 'tented_arch': 5}"
arch,logistic_C0.1,5,0.75,0.5666666666666667,0.5670995670995671,0.7077922077922079,"{'plain_arch': 60, 'tented_arch': 21}","{'plain_arch': 15, 'tented_arch': 5}"
arch,logistic_C0.1,6,0.9047619047619048,0.8333333333333333,0.86875,0.8982142857142857,"{'plain_arch': 60, 'tented_arch': 20}","{'plain_arch': 15, 'tented_arch': 6}"
arch,logistic_C0.1,7,0.65,0.5666666666666667,0.561128526645768,0.6598746081504702,"{'plain_arch': 60, 'tented_arch': 21}","{'plain_arch': 15, 'tented_arch': 5}"
arch,logistic_C0.1,8,0.6,0.5333333333333333,0.5238095238095238,0.6190476190476191,"{'plain_arch': 60, 'tented_arch': 21}","{'plain_arch': 15, 'tented_arch': 5}"
arch,logistic_C0.1,9,0.75,0.5666666666666667,0.5670995670995671,0.7077922077922079,"{'plain_arch': 60, 'tented_arch': 21}","{'plain_arch': 15, 'tented_arch': 5}"
arch,logistic_C0.1,10,0.75,0.6333333333333333,0.6415770609318996,0.7401433691756273,"{'plain_arch': 60, 'tented_arch': 21}","{'plain_arch': 15, 'tented_arch': 5}"
arch,logistic_C0.1,11,0.5714285714285714,0.5,0.49867374005305043,0.5805229253505116,"{'plain_arch': 60, 'tented_arch': 20}","{'plain_arch': 15, 'tented_arch': 6}"
arch,logistic_C0.1,12,0.8,0.6666666666666667,0.6875,0.78125,"{'plain_arch': 60, 'tented_arch': 21}","{'plain_arch': 15, 'tented_arch': 5}"
arch,logistic_C0.1,13,0.7,0.6666666666666666,0.6428571428571428,0.7142857142857142,"{'plain_arch': 60, 'tented_arch': 21}","{'plain_arch': 15, 'tented_arch': 5}"
arch,logistic_C0.1,14,0.65,0.5,0.4982078853046595,0.6362007168458781,"{'plain_arch': 60, 'tented_arch': 21}","{'plain_arch': 15, 'tented_arch': 5}"
arch,logistic_C0.1,15,0.8,0.6,0.6078431372549019,0.7450980392156862,"{'plain_arch': 60, 'tented_arch': 21}","{'plain_arch': 15, 'tented_arch': 5}"
arch,logistic_C0.1,16,0.8571428571428571,0.8500000000000001,0.8328912466843501,0.8601743084501705,"{'plain_arch': 60, 'tented_arch': 20}","{'plain_arch': 15, 'tented_arch': 6}"
arch,logistic_C0.1,17,0.7,0.4666666666666667,0.4117647058823529,0.6176470588235293,"{'plain_arch': 60, 'tented_arch': 21}","{'plain_arch': 15, 'tented_arch': 5}"
arch,logistic_C0.1,18,0.75,0.6333333333333333,0.6415770609318996,0.7401433691756273,"{'plain_arch': 60, 'tented_arch': 21}","{'plain_arch': 15, 'tented_arch': 5}"
arch,logistic_C0.1,19,0.7,0.6000000000000001,0.6000000000000001,0.7,"{'plain_arch': 60, 'tented_arch': 21}","{'plain_arch': 15, 'tented_arch': 5}"
arch,logistic_C0.1,20,0.7,0.6000000000000001,0.6000000000000001,0.7,"{'plain_arch': 60, 'tented_arch': 21}","{'plain_arch': 15, 'tented_arch': 5}"
arch,logistic_C0.1,21,0.8571428571428571,0.8,0.81524926686217,0.8529534981147885,"{'plain_arch': 60, 'tented_arch': 20}","{'plain_arch': 15, 'tented_arch': 6}"
arch,logistic_C0.1,22,0.7,0.5333333333333333,0.53125,0.671875,"{'plain_arch': 60, 'tented_arch': 21}","{'plain_arch': 15, 'tented_arch': 5}"
arch,logistic_C0.1,23,0.7,0.6000000000000001,0.6000000000000001,0.7,"{'plain_arch': 60, 'tented_arch': 21}","{'plain_arch': 15, 'tented_arch': 5}"
arch,logistic_C0.1,24,0.55,0.43333333333333335,0.4357366771159875,0.5626959247648904,"{'plain_arch': 60, 'tented_arch': 21}","{'plain_arch': 15, 'tented_arch': 5}"
arch,logistic_C0.1,25,0.6,0.5333333333333333,0.5238095238095238,0.6190476190476191,"{'plain_arch': 60, 'tented_arch': 21}","{'plain_arch': 15, 'tented_arch': 5}"
arch,logistic_C1,1,0.7142857142857143,0.55,0.5367647058823529,0.6596638655462185,"{'plain_arch': 60, 'tented_arch': 20}","{'plain_arch': 15, 'tented_arch': 6}"
arch,logistic_C1,2,0.65,0.5,0.4982078853046595,0.6362007168458781,"{'plain_arch': 60, 'tented_arch': 21}","{'plain_arch': 15, 'tented_arch': 5}"
arch,logistic_C1,3,0.85,0.7666666666666666,0.7849462365591398,0.8440860215053764,"{'plain_arch': 60, 'tented_arch': 21}","{'plain_arch': 15, 'tented_arch': 5}"
arch,logistic_C1,4,0.65,0.5,0.4982078853046595,0.6362007168458781,"{'plain_arch': 60, 'tented_arch': 21}","{'plain_arch': 15, 'tented_arch': 5}"
arch,logistic_C1,5,0.75,0.5666666666666667,0.5670995670995671,0.7077922077922079,"{'plain_arch': 60, 'tented_arch': 21}","{'plain_arch': 15, 'tented_arch': 5}"
arch,logistic_C1,6,0.9047619047619048,0.8333333333333333,0.86875,0.8982142857142857,"{'plain_arch': 60, 'tented_arch': 20}","{'plain_arch': 15, 'tented_arch': 6}"
arch,logistic_C1,7,0.65,0.5666666666666667,0.561128526645768,0.6598746081504702,"{'plain_arch': 60, 'tented_arch': 21}","{'plain_arch': 15, 'tented_arch': 5}"
arch,logistic_C1,8,0.65,0.5666666666666667,0.561128526645768,0.6598746081504702,"{'plain_arch': 60, 'tented_arch': 21}","{'plain_arch': 15, 'tented_arch': 5}"
arch,logistic_C1,9,0.8,0.6,0.6078431372549019,0.7450980392156862,"{'plain_arch': 60, 'tented_arch': 21}","{'plain_arch': 15, 'tented_arch': 5}"
arch,logistic_C1,10,0.7,0.6000000000000001,0.6000000000000001,0.7,"{'plain_arch': 60, 'tented_arch': 21}","{'plain_arch': 15, 'tented_arch': 5}"
arch,logistic_C1,11,0.6666666666666666,0.5666666666666667,0.5689149560117301,0.656891495601173,"{'plain_arch': 60, 'tented_arch': 20}","{'plain_arch': 15, 'tented_arch': 6}"
arch,logistic_C1,12,0.8,0.6666666666666667,0.6875,0.78125,"{'plain_arch': 60, 'tented_arch': 21}","{'plain_arch': 15, 'tented_arch': 5}"
arch,logistic_C1,13,0.7,0.6666666666666666,0.6428571428571428,0.7142857142857142,"{'plain_arch': 60, 'tented_arch': 21}","{'plain_arch': 15, 'tented_arch': 5}"
arch,logistic_C1,14,0.75,0.6333333333333333,0.6415770609318996,0.7401433691756273,"{'plain_arch': 60, 'tented_arch': 21}","{'plain_arch': 15, 'tented_arch': 5}"
arch,logistic_C1,15,0.85,0.7,0.7402597402597402,0.8246753246753247,"{'plain_arch': 60, 'tented_arch': 21}","{'plain_arch': 15, 'tented_arch': 5}"
arch,logistic_C1,16,0.8571428571428571,0.8500000000000001,0.8328912466843501,0.8601743084501705,"{'plain_arch': 60, 'tented_arch': 20}","{'plain_arch': 15, 'tented_arch': 6}"
arch,logistic_C1,17,0.7,0.4666666666666667,0.4117647058823529,0.6176470588235293,"{'plain_arch': 60, 'tented_arch': 21}","{'plain_arch': 15, 'tented_arch': 5}"
arch,logistic_C1,18,0.75,0.6333333333333333,0.6415770609318996,0.7401433691756273,"{'plain_arch': 60, 'tented_arch': 21}","{'plain_arch': 15, 'tented_arch': 5}"
arch,logistic_C1,19,0.7,0.6000000000000001,0.6000000000000001,0.7,"{'plain_arch': 60, 'tented_arch': 21}","{'plain_arch': 15, 'tented_arch': 5}"
arch,logistic_C1,20,0.7,0.6000000000000001,0.6000000000000001,0.7,"{'plain_arch': 60, 'tented_arch': 21}","{'plain_arch': 15, 'tented_arch': 5}"
arch,logistic_C1,21,0.8571428571428571,0.8,0.81524926686217,0.8529534981147885,"{'plain_arch': 60, 'tented_arch': 20}","{'plain_arch': 15, 'tented_arch': 6}"
arch,logistic_C1,22,0.7,0.5333333333333333,0.53125,0.671875,"{'plain_arch': 60, 'tented_arch': 21}","{'plain_arch': 15, 'tented_arch': 5}"
arch,logistic_C1,23,0.75,0.7,0.6865203761755485,0.7570532915360502,"{'plain_arch': 60, 'tented_arch': 21}","{'plain_arch': 15, 'tented_arch': 5}"
arch,logistic_C1,24,0.6,0.4666666666666667,0.4666666666666667,0.6,"{'plain_arch': 60, 'tented_arch': 21}","{'plain_arch': 15, 'tented_arch': 5}"
arch,logistic_C1,25,0.6,0.5333333333333333,0.5238095238095238,0.6190476190476191,"{'plain_arch': 60, 'tented_arch': 21}","{'plain_arch': 15, 'tented_arch': 5}"
arch,linear_svc_C0.1,1,0.6666666666666666,0.5666666666666667,0.5689149560117301,0.656891495601173,"{'plain_arch': 60, 'tented_arch': 20}","{'plain_arch': 15, 'tented_arch': 6}"
arch,linear_svc_C0.1,2,0.55,0.5,0.48717948717948717,0.5769230769230769,"{'plain_arch': 60, 'tented_arch': 21}","{'plain_arch': 15, 'tented_arch': 5}"
arch,linear_svc_C0.1,3,0.75,0.7,0.6865203761755485,0.7570532915360502,"{'plain_arch': 60, 'tented_arch': 21}","{'plain_arch': 15, 'tented_arch': 5}"
arch,linear_svc_C0.1,4,0.45,0.3666666666666667,0.3732193732193732,0.48290598290598297,"{'plain_arch': 60, 'tented_arch': 21}","{'plain_arch': 15, 'tented_arch': 5}"
arch,linear_svc_C0.1,5,0.6,0.4666666666666667,0.4666666666666667,0.6,"{'plain_arch': 60, 'tented_arch': 21}","{'plain_arch': 15, 'tented_arch': 5}"
arch,linear_svc_C0.1,6,0.7142857142857143,0.75,0.6971153846153846,0.728021978021978,"{'plain_arch': 60, 'tented_arch': 20}","{'plain_arch': 15, 'tented_arch': 6}"
arch,linear_svc_C0.1,7,0.7,0.6666666666666666,0.6428571428571428,0.7142857142857142,"{'plain_arch': 60, 'tented_arch': 21}","{'plain_arch': 15, 'tented_arch': 5}"
arch,linear_svc_C0.1,8,0.55,0.5666666666666667,0.52,0.58,"{'plain_arch': 60, 'tented_arch': 21}","{'plain_arch': 15, 'tented_arch': 5}"
arch,linear_svc_C0.1,9,0.75,0.6333333333333333,0.6415770609318996,0.7401433691756273,"{'plain_arch': 60, 'tented_arch': 21}","{'plain_arch': 15, 'tented_arch': 5}"
arch,linear_svc_C0.1,10,0.6,0.5333333333333333,0.5238095238095238,0.6190476190476191,"{'plain_arch': 60, 'tented_arch': 21}","{'plain_arch': 15, 'tented_arch': 5}"
arch,linear_svc_C0.1,11,0.5714285714285714,0.5,0.49867374005305043,0.5805229253505116,"{'plain_arch': 60, 'tented_arch': 20}","{'plain_arch': 15, 'tented_arch': 6}"
arch,linear_svc_C0.1,12,0.8,0.6666666666666667,0.6875,0.78125,"{'plain_arch': 60, 'tented_arch': 21}","{'plain_arch': 15, 'tented_arch': 5}"
arch,linear_svc_C0.1,13,0.55,0.5666666666666667,0.52,0.58,"{'plain_arch': 60, 'tented_arch': 21}","{'plain_arch': 15, 'tented_arch': 5}"
arch,linear_svc_C0.1,14,0.6,0.6,0.5604395604395604,0.6263736263736264,"{'plain_arch': 60, 'tented_arch': 21}","{'plain_arch': 15, 'tented_arch': 5}"
arch,linear_svc_C0.1,15,0.75,0.7,0.6865203761755485,0.7570532915360502,"{'plain_arch': 60, 'tented_arch': 21}","{'plain_arch': 15, 'tented_arch': 5}"
arch,linear_svc_C0.1,16,0.7619047619047619,0.7833333333333333,0.7407407407407407,0.7724867724867724,"{'plain_arch': 60, 'tented_arch': 20}","{'plain_arch': 15, 'tented_arch': 6}"
arch,linear_svc_C0.1,17,0.7,0.5333333333333333,0.53125,0.671875,"{'plain_arch': 60, 'tented_arch': 21}","{'plain_arch': 15, 'tented_arch': 5}"
arch,linear_svc_C0.1,18,0.65,0.5666666666666667,0.561128526645768,0.6598746081504702,"{'plain_arch': 60, 'tented_arch': 21}","{'plain_arch': 15, 'tented_arch': 5}"
arch,linear_svc_C0.1,19,0.7,0.6666666666666666,0.6428571428571428,0.7142857142857142,"{'plain_arch': 60, 'tented_arch': 21}","{'plain_arch': 15, 'tented_arch': 5}"
arch,linear_svc_C0.1,20,0.65,0.5666666666666667,0.561128526645768,0.6598746081504702,"{'plain_arch': 60, 'tented_arch': 21}","{'plain_arch': 15, 'tented_arch': 5}"
arch,linear_svc_C0.1,21,0.7619047619047619,0.7333333333333334,0.7214854111405835,0.7669571807502842,"{'plain_arch': 60, 'tented_arch': 20}","{'plain_arch': 15, 'tented_arch': 6}"
arch,linear_svc_C0.1,22,0.6,0.4666666666666667,0.4666666666666667,0.6,"{'plain_arch': 60, 'tented_arch': 21}","{'plain_arch': 15, 'tented_arch': 5}"
arch,linear_svc_C0.1,23,0.65,0.6333333333333333,0.6011396011396011,0.670940170940171,"{'plain_arch': 60, 'tented_arch': 21}","{'plain_arch': 15, 'tented_arch': 5}"
arch,linear_svc_C0.1,24,0.65,0.6333333333333333,0.6011396011396011,0.670940170940171,"{'plain_arch': 60, 'tented_arch': 21}","{'plain_arch': 15, 'tented_arch': 5}"
arch,linear_svc_C0.1,25,0.65,0.5666666666666667,0.561128526645768,0.6598746081504702,"{'plain_arch': 60, 'tented_arch': 21}","{'plain_arch': 15, 'tented_arch': 5}"
arch,linear_svc_C1,1,0.6666666666666666,0.5666666666666667,0.5689149560117301,0.656891495601173,"{'plain_arch': 60, 'tented_arch': 20}","{'plain_arch': 15, 'tented_arch': 6}"
arch,linear_svc_C1,2,0.55,0.5,0.48717948717948717,0.5769230769230769,"{'plain_arch': 60, 'tented_arch': 21}","{'plain_arch': 15, 'tented_arch': 5}"
arch,linear_svc_C1,3,0.75,0.7,0.6865203761755485,0.7570532915360502,"{'plain_arch': 60, 'tented_arch': 21}","{'plain_arch': 15, 'tented_arch': 5}"
arch,linear_svc_C1,4,0.45,0.3666666666666667,0.3732193732193732,0.48290598290598297,"{'plain_arch': 60, 'tented_arch': 21}","{'plain_arch': 15, 'tented_arch': 5}"
arch,linear_svc_C1,5,0.6,0.4666666666666667,0.4666666666666667,0.6,"{'plain_arch': 60, 'tented_arch': 21}","{'plain_arch': 15, 'tented_arch': 5}"
arch,linear_svc_C1,6,0.7142857142857143,0.75,0.6971153846153846,0.728021978021978,"{'plain_arch': 60, 'tented_arch': 20}","{'plain_arch': 15, 'tented_arch': 6}"
arch,linear_svc_C1,7,0.7,0.6666666666666666,0.6428571428571428,0.7142857142857142,"{'plain_arch': 60, 'tented_arch': 21}","{'plain_arch': 15, 'tented_arch': 5}"
arch,linear_svc_C1,8,0.55,0.5666666666666667,0.52,0.58,"{'plain_arch': 60, 'tented_arch': 21}","{'plain_arch': 15, 'tented_arch': 5}"
arch,linear_svc_C1,9,0.75,0.6333333333333333,0.6415770609318996,0.7401433691756273,"{'plain_arch': 60, 'tented_arch': 21}","{'plain_arch': 15, 'tented_arch': 5}"
arch,linear_svc_C1,10,0.6,0.5333333333333333,0.5238095238095238,0.6190476190476191,"{'plain_arch': 60, 'tented_arch': 21}","{'plain_arch': 15, 'tented_arch': 5}"
arch,linear_svc_C1,11,0.5714285714285714,0.5,0.49867374005305043,0.5805229253505116,"{'plain_arch': 60, 'tented_arch': 20}","{'plain_arch': 15, 'tented_arch': 6}"
arch,linear_svc_C1,12,0.8,0.6666666666666667,0.6875,0.78125,"{'plain_arch': 60, 'tented_arch': 21}","{'plain_arch': 15, 'tented_arch': 5}"
arch,linear_svc_C1,13,0.55,0.5666666666666667,0.52,0.58,"{'plain_arch': 60, 'tented_arch': 21}","{'plain_arch': 15, 'tented_arch': 5}"
arch,linear_svc_C1,14,0.6,0.6,0.5604395604395604,0.6263736263736264,"{'plain_arch': 60, 'tented_arch': 21}","{'plain_arch': 15, 'tented_arch': 5}"
arch,linear_svc_C1,15,0.75,0.7,0.6865203761755485,0.7570532915360502,"{'plain_arch': 60, 'tented_arch': 21}","{'plain_arch': 15, 'tented_arch': 5}"
arch,linear_svc_C1,16,0.7619047619047619,0.7833333333333333,0.7407407407407407,0.7724867724867724,"{'plain_arch': 60, 'tented_arch': 20}","{'plain_arch': 15, 'tented_arch': 6}"
arch,linear_svc_C1,17,0.75,0.5666666666666667,0.5670995670995671,0.7077922077922079,"{'plain_arch': 60, 'tented_arch': 21}","{'plain_arch': 15, 'tented_arch': 5}"
arch,linear_svc_C1,18,0.65,0.5666666666666667,0.561128526645768,0.6598746081504702,"{'plain_arch': 60, 'tented_arch': 21}","{'plain_arch': 15, 'tented_arch': 5}"
arch,linear_svc_C1,19,0.75,0.7,0.6865203761755485,0.7570532915360502,"{'plain_arch': 60, 'tented_arch': 21}","{'plain_arch': 15, 'tented_arch': 5}"
arch,linear_svc_C1,20,0.65,0.5666666666666667,0.561128526645768,0.6598746081504702,"{'plain_arch': 60, 'tented_arch': 21}","{'plain_arch': 15, 'tented_arch': 5}"
arch,linear_svc_C1,21,0.7619047619047619,0.6833333333333333,0.6920821114369502,0.7549224968579809,"{'plain_arch': 60, 'tented_arch': 20}","{'plain_arch': 15, 'tented_arch': 6}"
arch,linear_svc_C1,22,0.6,0.4666666666666667,0.4666666666666667,0.6,"{'plain_arch': 60, 'tented_arch': 21}","{'plain_arch': 15, 'tented_arch': 5}"
arch,linear_svc_C1,23,0.7,0.6666666666666666,0.6428571428571428,0.7142857142857142,"{'plain_arch': 60, 'tented_arch': 21}","{'plain_arch': 15, 'tented_arch': 5}"
arch,linear_svc_C1,24,0.65,0.6333333333333333,0.6011396011396011,0.670940170940171,"{'plain_arch': 60, 'tented_arch': 21}","{'plain_arch': 15, 'tented_arch': 5}"
arch,linear_svc_C1,25,0.65,0.5666666666666667,0.561128526645768,0.6598746081504702,"{'plain_arch': 60, 'tented_arch': 21}","{'plain_arch': 15, 'tented_arch': 5}"
arch,rbf_svc_C1,1,0.7619047619047619,0.5833333333333334,0.5714285714285714,0.693877551020408,"{'plain_arch': 60, 'tented_arch': 20}","{'plain_arch': 15, 'tented_arch': 6}"
arch,rbf_svc_C1,2,0.6,0.4,0.375,0.5625,"{'plain_arch': 60, 'tented_arch': 21}","{'plain_arch': 15, 'tented_arch': 5}"
arch,rbf_svc_C1,3,0.75,0.5666666666666667,0.5670995670995671,0.7077922077922079,"{'plain_arch': 60, 'tented_arch': 21}","{'plain_arch': 15, 'tented_arch': 5}"
arch,rbf_svc_C1,4,0.65,0.5,0.4982078853046595,0.6362007168458781,"{'plain_arch': 60, 'tented_arch': 21}","{'plain_arch': 15, 'tented_arch': 5}"
arch,rbf_svc_C1,5,0.7,0.5333333333333333,0.53125,0.671875,"{'plain_arch': 60, 'tented_arch': 21}","{'plain_arch': 15, 'tented_arch': 5}"
arch,rbf_svc_C1,6,0.8095238095238095,0.6666666666666666,0.6911764705882353,0.7731092436974789,"{'plain_arch': 60, 'tented_arch': 20}","{'plain_arch': 15, 'tented_arch': 6}"
arch,rbf_svc_C1,7,0.7,0.6000000000000001,0.6000000000000001,0.7,"{'plain_arch': 60, 'tented_arch': 21}","{'plain_arch': 15, 'tented_arch': 5}"
arch,rbf_svc_C1,8,0.65,0.43333333333333335,0.3939393939393939,0.5909090909090909,"{'plain_arch': 60, 'tented_arch': 21}","{'plain_arch': 15, 'tented_arch': 5}"
arch,rbf_svc_C1,9,0.7,0.4666666666666667,0.4117647058823529,0.6176470588235293,"{'plain_arch': 60, 'tented_arch': 21}","{'plain_arch': 15, 'tented_arch': 5}"
arch,rbf_svc_C1,10,0.75,0.5666666666666667,0.5670995670995671,0.7077922077922079,"{'plain_arch': 60, 'tented_arch': 21}","{'plain_arch': 15, 'tented_arch': 5}"
arch,rbf_svc_C1,11,0.6190476190476191,0.43333333333333335,0.38235294117647056,0.5462184873949579,"{'plain_arch': 60, 'tented_arch': 20}","{'plain_arch': 15, 'tented_arch': 6}"
arch,rbf_svc_C1,12,0.8,0.6,0.6078431372549019,0.7450980392156862,"{'plain_arch': 60, 'tented_arch': 21}","{'plain_arch': 15, 'tented_arch': 5}"
arch,rbf_svc_C1,13,0.75,0.6333333333333333,0.6415770609318996,0.7401433691756273,"{'plain_arch': 60, 'tented_arch': 21}","{'plain_arch': 15, 'tented_arch': 5}"
arch,rbf_svc_C1,14,0.7,0.5333333333333333,0.53125,0.671875,"{'plain_arch': 60, 'tented_arch': 21}","{'plain_arch': 15, 'tented_arch': 5}"
arch,rbf_svc_C1,15,0.75,0.5,0.42857142857142855,0.6428571428571428,"{'plain_arch': 60, 'tented_arch': 21}","{'plain_arch': 15, 'tented_arch': 5}"
arch,rbf_svc_C1,16,0.7619047619047619,0.5833333333333334,0.5714285714285714,0.693877551020408,"{'plain_arch': 60, 'tented_arch': 20}","{'plain_arch': 15, 'tented_arch': 6}"
arch,rbf_svc_C1,17,0.7,0.4666666666666667,0.4117647058823529,0.6176470588235293,"{'plain_arch': 60, 'tented_arch': 21}","{'plain_arch': 15, 'tented_arch': 5}"
arch,rbf_svc_C1,18,0.75,0.6333333333333333,0.6415770609318996,0.7401433691756273,"{'plain_arch': 60, 'tented_arch': 21}","{'plain_arch': 15, 'tented_arch': 5}"
arch,rbf_svc_C1,19,0.7,0.5333333333333333,0.53125,0.671875,"{'plain_arch': 60, 'tented_arch': 21}","{'plain_arch': 15, 'tented_arch': 5}"
arch,rbf_svc_C1,20,0.85,0.7,0.7402597402597402,0.8246753246753247,"{'plain_arch': 60, 'tented_arch': 21}","{'plain_arch': 15, 'tented_arch': 5}"
arch,rbf_svc_C1,21,0.8095238095238095,0.6666666666666666,0.6911764705882353,0.7731092436974789,"{'plain_arch': 60, 'tented_arch': 20}","{'plain_arch': 15, 'tented_arch': 6}"
arch,rbf_svc_C1,22,0.75,0.5,0.42857142857142855,0.6428571428571428,"{'plain_arch': 60, 'tented_arch': 21}","{'plain_arch': 15, 'tented_arch': 5}"
arch,rbf_svc_C1,23,0.75,0.5666666666666667,0.5670995670995671,0.7077922077922079,"{'plain_arch': 60, 'tented_arch': 21}","{'plain_arch': 15, 'tented_arch': 5}"
arch,rbf_svc_C1,24,0.55,0.36666666666666664,0.3548387096774194,0.5322580645161291,"{'plain_arch': 60, 'tented_arch': 21}","{'plain_arch': 15, 'tented_arch': 5}"
arch,rbf_svc_C1,25,0.7,0.6000000000000001,0.6000000000000001,0.7,"{'plain_arch': 60, 'tented_arch': 21}","{'plain_arch': 15, 'tented_arch': 5}"
arch,rbf_svc_C10,1,0.6666666666666666,0.4666666666666667,0.4,0.5714285714285714,"{'plain_arch': 60, 'tented_arch': 20}","{'plain_arch': 15, 'tented_arch': 6}"
arch,rbf_svc_C10,2,0.65,0.43333333333333335,0.3939393939393939,0.5909090909090909,"{'plain_arch': 60, 'tented_arch': 21}","{'plain_arch': 15, 'tented_arch': 5}"
arch,rbf_svc_C10,3,0.7,0.4666666666666667,0.4117647058823529,0.6176470588235293,"{'plain_arch': 60, 'tented_arch': 21}","{'plain_arch': 15, 'tented_arch': 5}"
arch,rbf_svc_C10,4,0.7,0.5333333333333333,0.53125,0.671875,"{'plain_arch': 60, 'tented_arch': 21}","{'plain_arch': 15, 'tented_arch': 5}"
arch,rbf_svc_C10,5,0.8,0.6,0.6078431372549019,0.7450980392156862,"{'plain_arch': 60, 'tented_arch': 21}","{'plain_arch': 15, 'tented_arch': 5}"
arch,rbf_svc_C10,6,0.8095238095238095,0.6666666666666666,0.6911764705882353,0.7731092436974789,"{'plain_arch': 60, 'tented_arch': 20}","{'plain_arch': 15, 'tented_arch': 6}"
arch,rbf_svc_C10,7,0.75,0.5666666666666667,0.5670995670995671,0.7077922077922079,"{'plain_arch': 60, 'tented_arch': 21}","{'plain_arch': 15, 'tented_arch': 5}"
arch,rbf_svc_C10,8,0.75,0.5,0.42857142857142855,0.6428571428571428,"{'plain_arch': 60, 'tented_arch': 21}","{'plain_arch': 15, 'tented_arch': 5}"
arch,rbf_svc_C10,9,0.7,0.4666666666666667,0.4117647058823529,0.6176470588235293,"{'plain_arch': 60, 'tented_arch': 21}","{'plain_arch': 15, 'tented_arch': 5}"
arch,rbf_svc_C10,10,0.8,0.6,0.6078431372549019,0.7450980392156862,"{'plain_arch': 60, 'tented_arch': 21}","{'plain_arch': 15, 'tented_arch': 5}"
arch,rbf_svc_C10,11,0.6666666666666666,0.4666666666666667,0.4,0.5714285714285714,"{'plain_arch': 60, 'tented_arch': 20}","{'plain_arch': 15, 'tented_arch': 6}"
arch,rbf_svc_C10,12,0.8,0.6,0.6078431372549019,0.7450980392156862,"{'plain_arch': 60, 'tented_arch': 21}","{'plain_arch': 15, 'tented_arch': 5}"
arch,rbf_svc_C10,13,0.75,0.6333333333333333,0.6415770609318996,0.7401433691756273,"{'plain_arch': 60, 'tented_arch': 21}","{'plain_arch': 15, 'tented_arch': 5}"
arch,rbf_svc_C10,14,0.8,0.6,0.6078431372549019,0.7450980392156862,"{'plain_arch': 60, 'tented_arch': 21}","{'plain_arch': 15, 'tented_arch': 5}"
arch,rbf_svc_C10,15,0.75,0.5,0.42857142857142855,0.6428571428571428,"{'plain_arch': 60, 'tented_arch': 21}","{'plain_arch': 15, 'tented_arch': 5}"
arch,rbf_svc_C10,16,0.7619047619047619,0.5833333333333334,0.5714285714285714,0.693877551020408,"{'plain_arch': 60, 'tented_arch': 20}","{'plain_arch': 15, 'tented_arch': 6}"
arch,rbf_svc_C10,17,0.7,0.4666666666666667,0.4117647058823529,0.6176470588235293,"{'plain_arch': 60, 'tented_arch': 21}","{'plain_arch': 15, 'tented_arch': 5}"
arch,rbf_svc_C10,18,0.7,0.4666666666666667,0.4117647058823529,0.6176470588235293,"{'plain_arch': 60, 'tented_arch': 21}","{'plain_arch': 15, 'tented_arch': 5}"
arch,rbf_svc_C10,19,0.8,0.6,0.6078431372549019,0.7450980392156862,"{'plain_arch': 60, 'tented_arch': 21}","{'plain_arch': 15, 'tented_arch': 5}"
arch,rbf_svc_C10,20,0.85,0.7,0.7402597402597402,0.8246753246753247,"{'plain_arch': 60, 'tented_arch': 21}","{'plain_arch': 15, 'tented_arch': 5}"
arch,rbf_svc_C10,21,0.7142857142857143,0.5,0.4166666666666667,0.5952380952380952,"{'plain_arch': 60, 'tented_arch': 20}","{'plain_arch': 15, 'tented_arch': 6}"
arch,rbf_svc_C10,22,0.75,0.5,0.42857142857142855,0.6428571428571428,"{'plain_arch': 60, 'tented_arch': 21}","{'plain_arch': 15, 'tented_arch': 5}"
arch,rbf_svc_C10,23,0.75,0.5666666666666667,0.5670995670995671,0.7077922077922079,"{'plain_arch': 60, 'tented_arch': 21}","{'plain_arch': 15, 'tented_arch': 5}"
arch,rbf_svc_C10,24,0.65,0.43333333333333335,0.3939393939393939,0.5909090909090909,"{'plain_arch': 60, 'tented_arch': 21}","{'plain_arch': 15, 'tented_arch': 5}"
arch,rbf_svc_C10,25,0.85,0.7,0.7402597402597402,0.8246753246753247,"{'plain_arch': 60, 'tented_arch': 21}","{'plain_arch': 15, 'tented_arch': 5}"
arch,mlp_small,1,0.6666666666666666,0.5666666666666667,0.5689149560117301,0.656891495601173,"{'plain_arch': 60, 'tented_arch': 20}","{'plain_arch': 15, 'tented_arch': 6}"
arch,mlp_small,2,0.6,0.5333333333333333,0.5238095238095238,0.6190476190476191,"{'plain_arch': 60, 'tented_arch': 21}","{'plain_arch': 15, 'tented_arch': 5}"
arch,mlp_small,3,0.8,0.6666666666666667,0.6875,0.78125,"{'plain_arch': 60, 'tented_arch': 21}","{'plain_arch': 15, 'tented_arch': 5}"
arch,mlp_small,4,0.6,0.4666666666666667,0.4666666666666667,0.6,"{'plain_arch': 60, 'tented_arch': 21}","{'plain_arch': 15, 'tented_arch': 5}"
arch,mlp_small,5,0.65,0.5,0.4982078853046595,0.6362007168458781,"{'plain_arch': 60, 'tented_arch': 21}","{'plain_arch': 15, 'tented_arch': 5}"
arch,mlp_small,6,0.8571428571428571,0.75,0.7878787878787878,0.8398268398268398,"{'plain_arch': 60, 'tented_arch': 20}","{'plain_arch': 15, 'tented_arch': 6}"
arch,mlp_small,7,0.6,0.5333333333333333,0.5238095238095238,0.6190476190476191,"{'plain_arch': 60, 'tented_arch': 21}","{'plain_arch': 15, 'tented_arch': 5}"
arch,mlp_small,8,0.7,0.6000000000000001,0.6000000000000001,0.7,"{'plain_arch': 60, 'tented_arch': 21}","{'plain_arch': 15, 'tented_arch': 5}"
arch,mlp_small,9,0.65,0.43333333333333335,0.3939393939393939,0.5909090909090909,"{'plain_arch': 60, 'tented_arch': 21}","{'plain_arch': 15, 'tented_arch': 5}"
arch,mlp_small,10,0.55,0.43333333333333335,0.4357366771159875,0.5626959247648904,"{'plain_arch': 60, 'tented_arch': 21}","{'plain_arch': 15, 'tented_arch': 5}"
arch,mlp_small,11,0.5714285714285714,0.5,0.49867374005305043,0.5805229253505116,"{'plain_arch': 60, 'tented_arch': 20}","{'plain_arch': 15, 'tented_arch': 6}"
arch,mlp_small,12,0.65,0.5,0.4982078853046595,0.6362007168458781,"{'plain_arch': 60, 'tented_arch': 21}","{'plain_arch': 15, 'tented_arch': 5}"
arch,mlp_small,13,0.65,0.6333333333333333,0.6011396011396011,0.670940170940171,"{'plain_arch': 60, 'tented_arch': 21}","{'plain_arch': 15, 'tented_arch': 5}"
arch,mlp_small,14,0.6,0.4666666666666667,0.4666666666666667,0.6,"{'plain_arch': 60, 'tented_arch': 21}","{'plain_arch': 15, 'tented_arch': 5}"
arch,mlp_small,15,0.75,0.5,0.42857142857142855,0.6428571428571428,"{'plain_arch': 60, 'tented_arch': 21}","{'plain_arch': 15, 'tented_arch': 5}"
arch,mlp_small,16,0.8095238095238095,0.8166666666666667,0.7857142857142857,0.8163265306122449,"{'plain_arch': 60, 'tented_arch': 20}","{'plain_arch': 15, 'tented_arch': 6}"
arch,mlp_small,17,0.7,0.5333333333333333,0.53125,0.671875,"{'plain_arch': 60, 'tented_arch': 21}","{'plain_arch': 15, 'tented_arch': 5}"
arch,mlp_small,18,0.7,0.6000000000000001,0.6000000000000001,0.7,"{'plain_arch': 60, 'tented_arch': 21}","{'plain_arch': 15, 'tented_arch': 5}"
arch,mlp_small,19,0.65,0.5,0.4982078853046595,0.6362007168458781,"{'plain_arch': 60, 'tented_arch': 21}","{'plain_arch': 15, 'tented_arch': 5}"
arch,mlp_small,20,0.6,0.5333333333333333,0.5238095238095238,0.6190476190476191,"{'plain_arch': 60, 'tented_arch': 21}","{'plain_arch': 15, 'tented_arch': 5}"
arch,mlp_small,21,0.8571428571428571,0.8,0.81524926686217,0.8529534981147885,"{'plain_arch': 60, 'tented_arch': 20}","{'plain_arch': 15, 'tented_arch': 6}"
arch,mlp_small,22,0.65,0.43333333333333335,0.3939393939393939,0.5909090909090909,"{'plain_arch': 60, 'tented_arch': 21}","{'plain_arch': 15, 'tented_arch': 5}"
arch,mlp_small,23,0.75,0.7,0.6865203761755485,0.7570532915360502,"{'plain_arch': 60, 'tented_arch': 21}","{'plain_arch': 15, 'tented_arch': 5}"
arch,mlp_small,24,0.55,0.5,0.48717948717948717,0.5769230769230769,"{'plain_arch': 60, 'tented_arch': 21}","{'plain_arch': 15, 'tented_arch': 5}"
arch,mlp_small,25,0.6,0.5333333333333333,0.5238095238095238,0.6190476190476191,"{'plain_arch': 60, 'tented_arch': 21}","{'plain_arch': 15, 'tented_arch': 5}"
whorl,majority,1,0.9158878504672897,0.3333333333333333,0.3186991869918699,0.8756781399589696,"{'central_pocket_loop_whorl': 16, 'double_loop_whorl': 21, 'plain_whorl': 389}","{'central_pocket_loop_whorl': 4, 'double_loop_whorl': 5, 'plain_whorl': 98}"
whorl,majority,2,0.9158878504672897,0.3333333333333333,0.3186991869918699,0.8756781399589696,"{'central_pocket_loop_whorl': 16, 'double_loop_whorl': 21, 'plain_whorl': 389}","{'central_pocket_loop_whorl': 4, 'double_loop_whorl': 5, 'plain_whorl': 98}"
whorl,majority,3,0.9065420560747663,0.3333333333333333,0.31699346405228757,0.8621037199926699,"{'central_pocket_loop_whorl': 16, 'double_loop_whorl': 20, 'plain_whorl': 390}","{'central_pocket_loop_whorl': 4, 'double_loop_whorl': 6, 'plain_whorl': 97}"
whorl,majority,4,0.9150943396226415,0.3333333333333333,0.3185550082101806,0.8745236546147411,"{'central_pocket_loop_whorl': 16, 'double_loop_whorl': 21, 'plain_whorl': 390}","{'central_pocket_loop_whorl': 4, 'double_loop_whorl': 5, 'plain_whorl': 97}"
whorl,majority,5,0.9150943396226415,0.3333333333333333,0.3185550082101806,0.8745236546147411,"{'central_pocket_loop_whorl': 16, 'double_loop_whorl': 21, 'plain_whorl': 390}","{'central_pocket_loop_whorl': 4, 'double_loop_whorl': 5, 'plain_whorl': 97}"
whorl,majority,6,0.9158878504672897,0.3333333333333333,0.3186991869918699,0.8756781399589696,"{'central_pocket_loop_whorl': 16, 'double_loop_whorl': 21, 'plain_whorl': 389}","{'central_pocket_loop_whorl': 4, 'double_loop_whorl': 5, 'plain_whorl': 98}"
whorl,majority,7,0.9158878504672897,0.3333333333333333,0.3186991869918699,0.8756781399589696,"{'central_pocket_loop_whorl': 16, 'double_loop_whorl': 21, 'plain_whorl': 389}","{'central_pocket_loop_whorl': 4, 'double_loop_whorl': 5, 'plain_whorl': 98}"
whorl,majority,8,0.9065420560747663,0.3333333333333333,0.31699346405228757,0.8621037199926699,"{'central_pocket_loop_whorl': 16, 'double_loop_whorl': 20, 'plain_whorl': 390}","{'central_pocket_loop_whorl': 4, 'double_loop_whorl': 6, 'plain_whorl': 97}"
whorl,majority,9,0.9150943396226415,0.3333333333333333,0.3185550082101806,0.8745236546147411,"{'central_pocket_loop_whorl': 16, 'double_loop_whorl': 21, 'plain_whorl': 390}","{'central_pocket_loop_whorl': 4, 'double_loop_whorl': 5, 'plain_whorl': 97}"
whorl,majority,10,0.9150943396226415,0.3333333333333333,0.3185550082101806,0.8745236546147411,"{'central_pocket_loop_whorl': 16, 'double_loop_whorl': 21, 'plain_whorl': 390}","{'central_pocket_loop_whorl': 4, 'double_loop_whorl': 5, 'plain_whorl': 97}"
whorl,majority,11,0.9158878504672897,0.3333333333333333,0.3186991869918699,0.8756781399589696,"{'central_pocket_loop_whorl': 16, 'double_loop_whorl': 21, 'plain_whorl': 389}","{'central_pocket_loop_whorl': 4, 'double_loop_whorl': 5, 'plain_whorl': 98}"
whorl,majority,12,0.9158878504672897,0.3333333333333333,0.3186991869918699,0.8756781399589696,"{'central_pocket_loop_whorl': 16, 'double_loop_whorl': 21, 'plain_whorl': 389}","{'central_pocket_loop_whorl': 4, 'double_loop_whorl': 5, 'plain_whorl': 98}"
whorl,majority,13,0.9065420560747663,0.3333333333333333,0.31699346405228757,0.8621037199926699,"{'central_pocket_loop_whorl': 16, 'double_loop_whorl': 20, 'plain_whorl': 390}","{'central_pocket_loop_whorl': 4, 'double_loop_whorl': 6, 'plain_whorl': 97}"
whorl,majority,14,0.9150943396226415,0.3333333333333333,0.3185550082101806,0.8745236546147411,"{'central_pocket_loop_whorl': 16, 'double_loop_whorl': 21, 'plain_whorl': 390}","{'central_pocket_loop_whorl': 4, 'double_loop_whorl': 5, 'plain_whorl': 97}"
whorl,majority,15,0.9150943396226415,0.3333333333333333,0.3185550082101806,0.8745236546147411,"{'central_pocket_loop_whorl': 16, 'double_loop_whorl': 21, 'plain_whorl': 390}","{'central_pocket_loop_whorl': 4, 'double_loop_whorl': 5, 'plain_whorl': 97}"
whorl,majority,16,0.9158878504672897,0.3333333333333333,0.3186991869918699,0.8756781399589696,"{'central_pocket_loop_whorl': 16, 'double_loop_whorl': 21, 'plain_whorl': 389}","{'central_pocket_loop_whorl': 4, 'double_loop_whorl': 5, 'plain_whorl': 98}"
whorl,majority,17,0.9158878504672897,0.3333333333333333,0.3186991869918699,0.8756781399589696,"{'central_pocket_loop_whorl': 16, 'double_loop_whorl': 21, 'plain_whorl': 389}","{'central_pocket_loop_whorl': 4, 'double_loop_whorl': 5, 'plain_whorl': 98}"
whorl,majority,18,0.9065420560747663,0.3333333333333333,0.31699346405228757,0.8621037199926699,"{'central_pocket_loop_whorl': 16, 'double_loop_whorl': 20, 'plain_whorl': 390}","{'central_pocket_loop_whorl': 4, 'double_loop_whorl': 6, 'plain_whorl': 97}"
whorl,majority,19,0.9150943396226415,0.3333333333333333,0.3185550082101806,0.8745236546147411,"{'central_pocket_loop_whorl': 16, 'double_loop_whorl': 21, 'plain_whorl': 390}","{'central_pocket_loop_whorl': 4, 'double_loop_whorl': 5, 'plain_whorl': 97}"
whorl,majority,20,0.9150943396226415,0.3333333333333333,0.3185550082101806,0.8745236546147411,"{'central_pocket_loop_whorl': 16, 'double_loop_whorl': 21, 'plain_whorl': 390}","{'central_pocket_loop_whorl': 4, 'double_loop_whorl': 5, 'plain_whorl': 97}"
whorl,majority,21,0.9158878504672897,0.3333333333333333,0.3186991869918699,0.8756781399589696,"{'central_pocket_loop_whorl': 16, 'double_loop_whorl': 21, 'plain_whorl': 389}","{'central_pocket_loop_whorl': 4, 'double_loop_whorl': 5, 'plain_whorl': 98}"
whorl,majority,22,0.9158878504672897,0.3333333333333333,0.3186991869918699,0.8756781399589696,"{'central_pocket_loop_whorl': 16, 'double_loop_whorl': 21, 'plain_whorl': 389}","{'central_pocket_loop_whorl': 4, 'double_loop_whorl': 5, 'plain_whorl': 98}"
whorl,majority,23,0.9065420560747663,0.3333333333333333,0.31699346405228757,0.8621037199926699,"{'central_pocket_loop_whorl': 16, 'double_loop_whorl': 20, 'plain_whorl': 390}","{'central_pocket_loop_whorl': 4, 'double_loop_whorl': 6, 'plain_whorl': 97}"
whorl,majority,24,0.9150943396226415,0.3333333333333333,0.3185550082101806,0.8745236546147411,"{'central_pocket_loop_whorl': 16, 'double_loop_whorl': 21, 'plain_whorl': 390}","{'central_pocket_loop_whorl': 4, 'double_loop_whorl': 5, 'plain_whorl': 97}"
whorl,majority,25,0.9150943396226415,0.3333333333333333,0.3185550082101806,0.8745236546147411,"{'central_pocket_loop_whorl': 16, 'double_loop_whorl': 21, 'plain_whorl': 390}","{'central_pocket_loop_whorl': 4, 'double_loop_whorl': 5, 'plain_whorl': 97}"
whorl,logistic_C0.1,1,0.8504672897196262,0.5159863945578231,0.47887249457930087,0.866332750611265,"{'central_pocket_loop_whorl': 16, 'double_loop_whorl': 21, 'plain_whorl': 389}","{'central_pocket_loop_whorl': 4, 'double_loop_whorl': 5, 'plain_whorl': 98}"
whorl,logistic_C0.1,2,0.8878504672897196,0.4663265306122449,0.47212821959014856,0.8844769148863271,"{'central_pocket_loop_whorl': 16, 'double_loop_whorl': 21, 'plain_whorl': 389}","{'central_pocket_loop_whorl': 4, 'double_loop_whorl': 5, 'plain_whorl': 98}"
whorl,logistic_C0.1,3,0.8504672897196262,0.41695303550973656,0.40840602696272804,0.8490294751976994,"{'central_pocket_loop_whorl': 16, 'double_loop_whorl': 20, 'plain_whorl': 390}","{'central_pocket_loop_whorl': 4, 'double_loop_whorl': 6, 'plain_whorl': 97}"
whorl,logistic_C0.1,4,0.8679245283018868,0.4426116838487973,0.45742649866361207,0.8700209643605871,"{'central_pocket_loop_whorl': 16, 'double_loop_whorl': 21, 'plain_whorl': 390}","{'central_pocket_loop_whorl': 4, 'double_loop_whorl': 5, 'plain_whorl': 97}"
whorl,logistic_C0.1,5,0.8867924528301887,0.5926116838487973,0.566468253968254,0.8906951931716083,"{'central_pocket_loop_whorl': 16, 'double_loop_whorl': 21, 'plain_whorl': 390}","{'central_pocket_loop_whorl': 4, 'double_loop_whorl': 5, 'plain_whorl': 97}"
whorl,logistic_C0.1,6,0.8691588785046729,0.5860544217687075,0.5369480056980057,0.8789789519929707,"{'central_pocket_loop_whorl': 16, 'double_loop_whorl': 21, 'plain_whorl': 389}","{'central_pocket_loop_whorl': 4, 'double_loop_whorl': 5, 'plain_whorl': 98}"
whorl,logistic_C0.1,7,0.8598130841121495,0.39285714285714285,0.39128595600676813,0.8554959912709332,"{'central_pocket_loop_whorl': 16, 'double_loop_whorl': 21, 'plain_whorl': 389}","{'central_pocket_loop_whorl': 4, 'double_loop_whorl': 5, 'plain_whorl': 98}"
whorl,logistic_C0.1,8,0.8785046728971962,0.5592783505154639,0.5516215697562847,0.8818243937608616,"{'central_pocket_loop_whorl': 16, 'double_loop_whorl': 20, 'plain_whorl': 390}","{'central_pocket_loop_whorl': 4, 'double_loop_whorl': 6, 'plain_whorl': 97}"
whorl,logistic_C0.1,9,0.8679245283018868,0.37938144329896906,0.39285714285714285,0.8615229110512129,"{'central_pocket_loop_whorl': 16, 'double_loop_whorl': 21, 'plain_whorl': 390}","{'central_pocket_loop_whorl': 4, 'double_loop_whorl': 5, 'plain_whorl': 97}"
whorl,logistic_C0.1,10,0.8584905660377359,0.6621993127147766,0.5706646294881589,0.8756288107009527,"{'central_pocket_loop_whorl': 16, 'double_loop_whorl': 21, 'plain_whorl': 390}","{'central_pocket_loop_whorl': 4, 'double_loop_whorl': 5, 'plain_whorl': 97}"
whorl,logistic_C0.1,11,0.8411214953271028,0.4326530612244898,0.40811965811965817,0.8539420081476156,"{'central_pocket_loop_whorl': 16, 'double_loop_whorl': 21, 'plain_whorl': 389}","{'central_pocket_loop_whorl': 4, 'double_loop_whorl': 5, 'plain_whorl': 98}"
whorl,logistic_C0.1,12,0.8411214953271028,0.4493197278911565,0.4336019957781616,0.8518285366864128,"{'central_pocket_loop_whorl': 16, 'double_loop_whorl': 21, 'plain_whorl': 389}","{'central_pocket_loop_whorl': 4, 'double_loop_whorl': 5, 'plain_whorl': 98}"
whorl,logistic_C0.1,13,0.8878504672897196,0.4306987399770905,0.4258319232938523,0.8746145452820343,"{'central_pocket_loop_whorl': 16, 'double_loop_whorl': 20, 'plain_whorl': 390}","{'central_pocket_loop_whorl': 4, 'double_loop_whorl': 6, 'plain_whorl': 97}"
whorl,logistic_C0.1,14,0.8962264150943396,0.46958762886597943,0.4932922407541697,0.886571825358819,"{'central_pocket_loop_whorl': 16, 'double_loop_whorl': 21, 'plain_whorl': 390}","{'central_pocket_loop_whorl': 4, 'double_loop_whorl': 5, 'plain_whorl': 97}"
whorl,logistic_C0.1,15,0.9056603773584906,0.4563573883161512,0.4514382402707276,0.8921559237620917,"{'central_pocket_loop_whorl': 16, 'double_loop_whorl': 21, 'plain_whorl': 390}","{'central_pocket_loop_whorl': 4, 'double_loop_whorl': 5, 'plain_whorl': 97}"
whorl,logistic_C0.1,16,0.9065420560747663,0.5530612244897959,0.5598845598845599,0.8995967687556472,"{'central_pocket_loop_whorl': 16, 'double_loop_whorl': 21, 'plain_whorl': 389}","{'central_pocket_loop_whorl': 4, 'double_loop_whorl': 5, 'plain_whorl': 98}"
whorl,logistic_C0.1,17,0.8504672897196262,0.4527210884353741,0.43917525773195876,0.8571731380672512,"{'central_pocket_loop_whorl': 16, 'double_loop_whorl': 21, 'plain_whorl': 389}","{'central_pocket_loop_whorl': 4, 'double_loop_whorl': 5, 'plain_whorl': 98}"
whorl,logistic_C0.1,18,0.9065420560747663,0.5174684994272623,0.5466763355088228,0.8982372435667184,"{'central_pocket_loop_whorl': 16, 'double_loop_whorl': 20, 'plain_whorl': 390}","{'central_pocket_loop_whorl': 4, 'double_loop_whorl': 6, 'plain_whorl': 97}"
whorl,logistic_C0.1,19,0.8584905660377359,0.3759450171821306,0.3759450171821306,0.8584905660377359,"{'central_pocket_loop_whorl': 16, 'double_loop_whorl': 21, 'plain_whorl': 390}","{'central_pocket_loop_whorl': 4, 'double_loop_whorl': 5, 'plain_whorl': 97}"
whorl,logistic_C0.1,20,0.8773584905660378,0.5092783505154639,0.49269901083372586,0.8791848487810947,"{'central_pocket_loop_whorl': 16, 'double_loop_whorl': 21, 'plain_whorl': 390}","{'central_pocket_loop_whorl': 4, 'double_loop_whorl': 5, 'plain_whorl': 97}"
whorl,logistic_C0.1,21,0.897196261682243,0.4697278911564626,0.5149078726968175,0.8895599492791058,"{'central_pocket_loop_whorl': 16, 'double_loop_whorl': 21, 'plain_whorl': 389}","{'central_pocket_loop_whorl': 4, 'double_loop_whorl': 5, 'plain_whorl': 98}"
whorl,logistic_C0.1,22,0.822429906542056,0.3792517006802721,0.3745922087891,0.8340300980851075,"{'central_pocket_loop_whorl': 16, 'double_loop_whorl': 21, 'plain_whorl': 389}","{'central_pocket_loop_whorl': 4, 'double_loop_whorl': 5, 'plain_whorl': 98}"
whorl,logistic_C0.1,23,0.822429906542056,0.406643757159221,0.3954126153079032,0.8323838416317743,"{'central_pocket_loop_whorl': 16, 'double_loop_whorl': 20, 'plain_whorl': 390}","{'central_pocket_loop_whorl': 4, 'double_loop_whorl': 6, 'plain_whorl': 97}"
whorl,logistic_C0.1,24,0.8867924528301887,0.38625429553264606,0.39805414551607443,0.8757901541997895,"{'central_pocket_loop_whorl': 16, 'double_loop_whorl': 21, 'plain_whorl': 390}","{'central_pocket_loop_whorl': 4, 'double_loop_whorl': 5, 'plain_whorl': 97}"
whorl,logistic_C0.1,25,0.8773584905660378,0.46271477663230237,0.4685185185185185,0.8742662473794549,"{'central_pocket_loop_whorl': 16, 'double_loop_whorl': 21, 'plain_whorl': 390}","{'central_pocket_loop_whorl': 4, 'double_loop_whorl': 5, 'plain_whorl': 97}"
whorl,logistic_C1,1,0.8504672897196262,0.5159863945578231,0.47887249457930087,0.866332750611265,"{'central_pocket_loop_whorl': 16, 'double_loop_whorl': 21, 'plain_whorl': 389}","{'central_pocket_loop_whorl': 4, 'double_loop_whorl': 5, 'plain_whorl': 98}"
whorl,logistic_C1,2,0.897196261682243,0.4697278911564626,0.48316498316498313,0.8906589257056546,"{'central_pocket_loop_whorl': 16, 'double_loop_whorl': 21, 'plain_whorl': 389}","{'central_pocket_loop_whorl': 4, 'double_loop_whorl': 5, 'plain_whorl': 98}"
whorl,logistic_C1,3,0.8598130841121495,0.42038946162657503,0.4188034188034188,0.8554996405463696,"{'central_pocket_loop_whorl': 16, 'double_loop_whorl': 20, 'plain_whorl': 390}","{'central_pocket_loop_whorl': 4, 'double_loop_whorl': 6, 'plain_whorl': 97}"
whorl,logistic_C1,4,0.8679245283018868,0.37938144329896906,0.4047619047619048,0.8632075471698113,"{'central_pocket_loop_whorl': 16, 'double_loop_whorl': 21, 'plain_whorl': 390}","{'central_pocket_loop_whorl': 4, 'double_loop_whorl': 5, 'plain_whorl': 97}"
whorl,logistic_C1,5,0.8962264150943396,0.5960481099656357,0.579292325406315,0.8972880021858417,"{'central_pocket_loop_whorl': 16, 'double_loop_whorl': 21, 'plain_whorl': 390}","{'central_pocket_loop_whorl': 4, 'double_loop_whorl': 5, 'plain_whorl': 97}"
whorl,logistic_C1,6,0.8785046728971962,0.5894557823129252,0.5516215697562847,0.8858677814902695,"{'central_pocket_loop_whorl': 16, 'double_loop_whorl': 21, 'plain_whorl': 389}","{'central_pocket_loop_whorl': 4, 'double_loop_whorl': 5, 'plain_whorl': 98}"
whorl,logistic_C1,7,0.8598130841121495,0.3129251700680272,0.3082077051926298,0.8468510778190015,"{'central_pocket_loop_whorl': 16, 'double_loop_whorl': 21, 'plain_whorl': 389}","{'central_pocket_loop_whorl': 4, 'double_loop_whorl': 5, 'plain_whorl': 98}"
whorl,logistic_C1,8,0.8598130841121495,0.604524627720504,0.5513227513227513,0.8719774514167037,"{'central_pocket_loop_whorl': 16, 'double_loop_whorl': 20, 'plain_whorl': 390}","{'central_pocket_loop_whorl': 4, 'double_loop_whorl': 6, 'plain_whorl': 97}"
whorl,logistic_C1,9,0.8773584905660378,0.38281786941580753,0.4065748126661832,0.8681844924541985,"{'central_pocket_loop_whorl': 16, 'double_loop_whorl': 21, 'plain_whorl': 390}","{'central_pocket_loop_whorl': 4, 'double_loop_whorl': 5, 'plain_whorl': 97}"
whorl,logistic_C1,10,0.8773584905660378,0.6690721649484536,0.5975851309184642,0.8890163644880626,"{'central_pocket_loop_whorl': 16, 'double_loop_whorl': 21, 'plain_whorl': 390}","{'central_pocket_loop_whorl': 4, 'double_loop_whorl': 5, 'plain_whorl': 97}"
whorl,logistic_C1,11,0.8411214953271028,0.4326530612244898,0.40811965811965817,0.8539420081476156,"{'central_pocket_loop_whorl': 16, 'double_loop_whorl': 21, 'plain_whorl': 389}","{'central_pocket_loop_whorl': 4, 'double_loop_whorl': 5, 'plain_whorl': 98}"
whorl,logistic_C1,12,0.8411214953271028,0.4493197278911565,0.4336019957781616,0.8518285366864128,"{'central_pocket_loop_whorl': 16, 'double_loop_whorl': 21, 'plain_whorl': 389}","{'central_pocket_loop_whorl': 4, 'double_loop_whorl': 5, 'plain_whorl': 98}"
whorl,logistic_C1,13,0.8878504672897196,0.4306987399770905,0.4258319232938523,0.8746145452820343,"{'central_pocket_loop_whorl': 16, 'double_loop_whorl': 20, 'plain_whorl': 390}","{'central_pocket_loop_whorl': 4, 'double_loop_whorl': 6, 'plain_whorl': 97}"
whorl,logistic_C1,14,0.9056603773584906,0.4730240549828179,0.506974506974507,0.8931362138909309,"{'central_pocket_loop_whorl': 16, 'double_loop_whorl': 21, 'plain_whorl': 390}","{'central_pocket_loop_whorl': 4, 'double_loop_whorl': 5, 'plain_whorl': 97}"
whorl,logistic_C1,15,0.9150943396226415,0.45979381443298967,0.468013468013468,0.8990851915380218,"{'central_pocket_loop_whorl': 16, 'double_loop_whorl': 21, 'plain_whorl': 390}","{'central_pocket_loop_whorl': 4, 'double_loop_whorl': 5, 'plain_whorl': 97}"
whorl,logistic_C1,16,0.9065420560747663,0.5530612244897959,0.5598845598845599,0.8995967687556472,"{'central_pocket_loop_whorl': 16, 'double_loop_whorl': 21, 'plain_whorl': 389}","{'central_pocket_loop_whorl': 4, 'double_loop_whorl': 5, 'plain_whorl': 98}"
whorl,logistic_C1,17,0.8598130841121495,0.45612244897959187,0.4484330484330485,0.8632957903985942,"{'central_pocket_loop_whorl': 16, 'double_loop_whorl': 21, 'plain_whorl': 389}","{'central_pocket_loop_whorl': 4, 'double_loop_whorl': 5, 'plain_whorl': 98}"
whorl,logistic_C1,18,0.8878504672897196,0.45847651775486825,0.476625574087503,0.8778188176451852,"{'central_pocket_loop_whorl': 16, 'double_loop_whorl': 20, 'plain_whorl': 390}","{'central_pocket_loop_whorl': 4, 'double_loop_whorl': 6, 'plain_whorl': 97}"
whorl,logistic_C1,19,0.8679245283018868,0.37938144329896906,0.38518518518518513,0.8645702306079665,"{'central_pocket_loop_whorl': 16, 'double_loop_whorl': 21, 'plain_whorl': 390}","{'central_pocket_loop_whorl': 4, 'double_loop_whorl': 5, 'plain_whorl': 97}"
whorl,logistic_C1,20,0.8679245283018868,0.4426116838487973,0.4426116838487973,0.8679245283018868,"{'central_pocket_loop_whorl': 16, 'double_loop_whorl': 21, 'plain_whorl': 390}","{'central_pocket_loop_whorl': 4, 'double_loop_whorl': 5, 'plain_whorl': 97}"
whorl,logistic_C1,21,0.9158878504672897,0.47653061224489796,0.5350746268656716,0.9015134607337145,"{'central_pocket_loop_whorl': 16, 'double_loop_whorl': 21, 'plain_whorl': 389}","{'central_pocket_loop_whorl': 4, 'double_loop_whorl': 5, 'plain_whorl': 98}"
whorl,logistic_C1,22,0.822429906542056,0.3792517006802721,0.36718480138169257,0.8331993608057721,"{'central_pocket_loop_whorl': 16, 'double_loop_whorl': 21, 'plain_whorl': 389}","{'central_pocket_loop_whorl': 4, 'double_loop_whorl': 5, 'plain_whorl': 98}"
whorl,logistic_C1,23,0.8411214953271028,0.4135166093928981,0.4065364687126345,0.8439449756577256,"{'central_pocket_loop_whorl': 16, 'double_loop_whorl': 20, 'plain_whorl': 390}","{'central_pocket_loop_whorl': 4, 'double_loop_whorl': 6, 'plain_whorl': 97}"
whorl,logistic_C1,24,0.8867924528301887,0.38625429553264606,0.39805414551607443,0.8757901541997895,"{'central_pocket_loop_whorl': 16, 'double_loop_whorl': 21, 'plain_whorl': 390}","{'central_pocket_loop_whorl': 4, 'double_loop_whorl': 5, 'plain_whorl': 97}"
whorl,logistic_C1,25,0.8962264150943396,0.46958762886597943,0.49990599736792635,0.8881067160446532,"{'central_pocket_loop_whorl': 16, 'double_loop_whorl': 21, 'plain_whorl': 390}","{'central_pocket_loop_whorl': 4, 'double_loop_whorl': 5, 'plain_whorl': 97}"
whorl,linear_svc_C0.1,1,0.897196261682243,0.5329931972789116,0.5432922407541697,0.8941194011643273,"{'central_pocket_loop_whorl': 16, 'double_loop_whorl': 21, 'plain_whorl': 389}","{'central_pocket_loop_whorl': 4, 'double_loop_whorl': 5, 'plain_whorl': 98}"
whorl,linear_svc_C0.1,2,0.8878504672897196,0.4496598639455782,0.44646464646464645,0.8790710846785613,"{'central_pocket_loop_whorl': 16, 'double_loop_whorl': 21, 'plain_whorl': 389}","{'central_pocket_loop_whorl': 4, 'double_loop_whorl': 5, 'plain_whorl': 98}"
whorl,linear_svc_C0.1,3,0.8411214953271028,0.4135166093928981,0.3992104613866272,0.8427125632103599,"{'central_pocket_loop_whorl': 16, 'double_loop_whorl': 20, 'plain_whorl': 390}","{'central_pocket_loop_whorl': 4, 'double_loop_whorl': 6, 'plain_whorl': 97}"
whorl,linear_svc_C0.1,4,0.8679245283018868,0.3161512027491409,0.311336717428088,0.8547074035054114,"{'central_pocket_loop_whorl': 16, 'double_loop_whorl': 21, 'plain_whorl': 390}","{'central_pocket_loop_whorl': 4, 'double_loop_whorl': 5, 'plain_whorl': 97}"
whorl,linear_svc_C0.1,5,0.9056603773584906,0.5994845360824742,0.5939289805269187,0.9040880503144654,"{'central_pocket_loop_whorl': 16, 'double_loop_whorl': 21, 'plain_whorl': 390}","{'central_pocket_loop_whorl': 4, 'double_loop_whorl': 5, 'plain_whorl': 97}"
whorl,linear_svc_C0.1,6,0.8785046728971962,0.5261904761904762,0.5185185185185185,0.8818276220145379,"{'central_pocket_loop_whorl': 16, 'double_loop_whorl': 21, 'plain_whorl': 389}","{'central_pocket_loop_whorl': 4, 'double_loop_whorl': 5, 'plain_whorl': 98}"
whorl,linear_svc_C0.1,7,0.8691588785046729,0.37959183673469393,0.3930976430976431,0.8628103464552063,"{'central_pocket_loop_whorl': 16, 'double_loop_whorl': 21, 'plain_whorl': 389}","{'central_pocket_loop_whorl': 4, 'double_loop_whorl': 5, 'plain_whorl': 98}"
whorl,linear_svc_C0.1,8,0.8317757009345794,0.4100801832760596,0.3869982547993019,0.8398737583794098,"{'central_pocket_loop_whorl': 16, 'double_loop_whorl': 20, 'plain_whorl': 390}","{'central_pocket_loop_whorl': 4, 'double_loop_whorl': 6, 'plain_whorl': 97}"
whorl,linear_svc_C0.1,9,0.8584905660377359,0.3127147766323024,0.30952380952380953,0.8497304582210242,"{'central_pocket_loop_whorl': 16, 'double_loop_whorl': 21, 'plain_whorl': 390}","{'central_pocket_loop_whorl': 4, 'double_loop_whorl': 5, 'plain_whorl': 97}"
whorl,linear_svc_C0.1,10,0.8962264150943396,0.46958762886597943,0.4932922407541697,0.886571825358819,"{'central_pocket_loop_whorl': 16, 'double_loop_whorl': 21, 'plain_whorl': 390}","{'central_pocket_loop_whorl': 4, 'double_loop_whorl': 5, 'plain_whorl': 97}"
whorl,linear_svc_C0.1,11,0.8411214953271028,0.3693877551020408,0.3725085910652921,0.8496965025532325,"{'central_pocket_loop_whorl': 16, 'double_loop_whorl': 21, 'plain_whorl': 389}","{'central_pocket_loop_whorl': 4, 'double_loop_whorl': 5, 'plain_whorl': 98}"
whorl,linear_svc_C0.1,12,0.822429906542056,0.29931972789115646,0.30085470085470084,0.8266474958063743,"{'central_pocket_loop_whorl': 16, 'double_loop_whorl': 21, 'plain_whorl': 389}","{'central_pocket_loop_whorl': 4, 'double_loop_whorl': 5, 'plain_whorl': 98}"
whorl,linear_svc_C0.1,13,0.8691588785046729,0.4238258877434135,0.42063492063492064,0.8604806408544726,"{'central_pocket_loop_whorl': 16, 'double_loop_whorl': 20, 'plain_whorl': 390}","{'central_pocket_loop_whorl': 4, 'double_loop_whorl': 6, 'plain_whorl': 97}"
whorl,linear_svc_C0.1,14,0.839622641509434,0.38573883161512024,0.3992104613866272,0.8452718461516975,"{'central_pocket_loop_whorl': 16, 'double_loop_whorl': 21, 'plain_whorl': 390}","{'central_pocket_loop_whorl': 4, 'double_loop_whorl': 5, 'plain_whorl': 97}"
whorl,linear_svc_C0.1,15,0.8962264150943396,0.5161512027491408,0.48281786941580757,0.8915094339622641,"{'central_pocket_loop_whorl': 16, 'double_loop_whorl': 21, 'plain_whorl': 390}","{'central_pocket_loop_whorl': 4, 'double_loop_whorl': 5, 'plain_whorl': 97}"
whorl,linear_svc_C0.1,16,0.8598130841121495,0.39285714285714285,0.3746192893401015,0.8536268323924285,"{'central_pocket_loop_whorl': 16, 'double_loop_whorl': 21, 'plain_whorl': 389}","{'central_pocket_loop_whorl': 4, 'double_loop_whorl': 5, 'plain_whorl': 98}"
whorl,linear_svc_C0.1,17,0.8504672897196262,0.4527210884353741,0.43917525773195876,0.8571731380672512,"{'central_pocket_loop_whorl': 16, 'double_loop_whorl': 21, 'plain_whorl': 389}","{'central_pocket_loop_whorl': 4, 'double_loop_whorl': 5, 'plain_whorl': 98}"
whorl,linear_svc_C0.1,18,0.9065420560747663,0.5695876288659795,0.6035060177917321,0.9011238427793835,"{'central_pocket_loop_whorl': 16, 'double_loop_whorl': 20, 'plain_whorl': 390}","{'central_pocket_loop_whorl': 4, 'double_loop_whorl': 6, 'plain_whorl': 97}"
whorl,linear_svc_C0.1,19,0.8301886792452831,0.3024054982817869,0.3024054982817869,0.8301886792452831,"{'central_pocket_loop_whorl': 16, 'double_loop_whorl': 21, 'plain_whorl': 390}","{'central_pocket_loop_whorl': 4, 'double_loop_whorl': 5, 'plain_whorl': 97}"
whorl,linear_svc_C0.1,20,0.8679245283018868,0.5058419243986254,0.4756944444444445,0.8719536163522014,"{'central_pocket_loop_whorl': 16, 'double_loop_whorl': 21, 'plain_whorl': 390}","{'central_pocket_loop_whorl': 4, 'double_loop_whorl': 5, 'plain_whorl': 97}"
whorl,linear_svc_C0.1,21,0.8785046728971962,0.39965986394557823,0.4067958841828189,0.8667368887159429,"{'central_pocket_loop_whorl': 16, 'double_loop_whorl': 21, 'plain_whorl': 389}","{'central_pocket_loop_whorl': 4, 'double_loop_whorl': 5, 'plain_whorl': 98}"
whorl,linear_svc_C0.1,22,0.794392523364486,0.2891156462585034,0.2951388888888889,0.810942367601246,"{'central_pocket_loop_whorl': 16, 'double_loop_whorl': 21, 'plain_whorl': 389}","{'central_pocket_loop_whorl': 4, 'double_loop_whorl': 5, 'plain_whorl': 98}"
whorl,linear_svc_C0.1,23,0.8598130841121495,0.42038946162657503,0.4188034188034188,0.8554996405463696,"{'central_pocket_loop_whorl': 16, 'double_loop_whorl': 20, 'plain_whorl': 390}","{'central_pocket_loop_whorl': 4, 'double_loop_whorl': 6, 'plain_whorl': 97}"
whorl,linear_svc_C0.1,24,0.9056603773584906,0.32989690721649484,0.31840796019900497,0.8741199662067023,"{'central_pocket_loop_whorl': 16, 'double_loop_whorl': 21, 'plain_whorl': 390}","{'central_pocket_loop_whorl': 4, 'double_loop_whorl': 5, 'plain_whorl': 97}"
whorl,linear_svc_C0.1,25,0.8490566037735849,0.30927835051546393,0.30927835051546393,0.8490566037735849,"{'central_pocket_loop_whorl': 16, 'double_loop_whorl': 21, 'plain_whorl': 390}","{'central_pocket_loop_whorl': 4, 'double_loop_whorl': 5, 'plain_whorl': 97}"
whorl,linear_svc_C1,1,0.897196261682243,0.5329931972789116,0.5432922407541697,0.8941194011643273,"{'central_pocket_loop_whorl': 16, 'double_loop_whorl': 21, 'plain_whorl': 389}","{'central_pocket_loop_whorl': 4, 'double_loop_whorl': 5, 'plain_whorl': 98}"
whorl,linear_svc_C1,2,0.8785046728971962,0.4462585034013606,0.44467005076142135,0.8741401394753072,"{'central_pocket_loop_whorl': 16, 'double_loop_whorl': 21, 'plain_whorl': 389}","{'central_pocket_loop_whorl': 4, 'double_loop_whorl': 5, 'plain_whorl': 98}"
whorl,linear_svc_C1,3,0.8504672897196262,0.41695303550973656,0.40840602696272804,0.8490294751976994,"{'central_pocket_loop_whorl': 16, 'double_loop_whorl': 20, 'plain_whorl': 390}","{'central_pocket_loop_whorl': 4, 'double_loop_whorl': 6, 'plain_whorl': 97}"
whorl,linear_svc_C1,4,0.8679245283018868,0.3161512027491409,0.311336717428088,0.8547074035054114,"{'central_pocket_loop_whorl': 16, 'double_loop_whorl': 21, 'plain_whorl': 390}","{'central_pocket_loop_whorl': 4, 'double_loop_whorl': 5, 'plain_whorl': 97}"
whorl,linear_svc_C1,5,0.9150943396226415,0.6029209621993127,0.6108780108780109,0.9111668206007829,"{'central_pocket_loop_whorl': 16, 'double_loop_whorl': 21, 'plain_whorl': 390}","{'central_pocket_loop_whorl': 4, 'double_loop_whorl': 5, 'plain_whorl': 97}"
whorl,linear_svc_C1,6,0.8785046728971962,0.5261904761904762,0.5185185185185185,0.8818276220145379,"{'central_pocket_loop_whorl': 16, 'double_loop_whorl': 21, 'plain_whorl': 389}","{'central_pocket_loop_whorl': 4, 'double_loop_whorl': 5, 'plain_whorl': 98}"
whorl,linear_svc_C1,7,0.8598130841121495,0.3761904761904762,0.38202669674750894,0.8565344128701025,"{'central_pocket_loop_whorl': 16, 'double_loop_whorl': 21, 'plain_whorl': 389}","{'central_pocket_loop_whorl': 4, 'double_loop_whorl': 5, 'plain_whorl': 98}"
whorl,linear_svc_C1,8,0.822429906542056,0.406643757159221,0.3801857585139319,0.8338531871184283,"{'central_pocket_loop_whorl': 16, 'double_loop_whorl': 20, 'plain_whorl': 390}","{'central_pocket_loop_whorl': 4, 'double_loop_whorl': 6, 'plain_whorl': 97}"
whorl,linear_svc_C1,9,0.8584905660377359,0.3127147766323024,0.30952380952380953,0.8497304582210242,"{'central_pocket_loop_whorl': 16, 'double_loop_whorl': 21, 'plain_whorl': 390}","{'central_pocket_loop_whorl': 4, 'double_loop_whorl': 5, 'plain_whorl': 97}"
whorl,linear_svc_C1,10,0.8773584905660378,0.3994845360824742,0.4065748126661832,0.865489074664441,"{'central_pocket_loop_whorl': 16, 'double_loop_whorl': 21, 'plain_whorl': 390}","{'central_pocket_loop_whorl': 4, 'double_loop_whorl': 5, 'plain_whorl': 97}"
whorl,linear_svc_C1,11,0.8504672897196262,0.43605442176870746,0.4201388888888889,0.8646806853582555,"{'central_pocket_loop_whorl': 16, 'double_loop_whorl': 21, 'plain_whorl': 389}","{'central_pocket_loop_whorl': 4, 'double_loop_whorl': 5, 'plain_whorl': 98}"
whorl,linear_svc_C1,12,0.822429906542056,0.29931972789115646,0.30085470085470084,0.8266474958063743,"{'central_pocket_loop_whorl': 16, 'double_loop_whorl': 21, 'plain_whorl': 389}","{'central_pocket_loop_whorl': 4, 'double_loop_whorl': 5, 'plain_whorl': 98}"
whorl,linear_svc_C1,13,0.8691588785046729,0.4238258877434135,0.42063492063492064,0.8604806408544726,"{'central_pocket_loop_whorl': 16, 'double_loop_whorl': 20, 'plain_whorl': 390}","{'central_pocket_loop_whorl': 4, 'double_loop_whorl': 6, 'plain_whorl': 97}"
whorl,linear_svc_C1,14,0.8490566037735849,0.3891752577319587,0.41695303550973656,0.8522012578616351,"{'central_pocket_loop_whorl': 16, 'double_loop_whorl': 21, 'plain_whorl': 390}","{'central_pocket_loop_whorl': 4, 'double_loop_whorl': 5, 'plain_whorl': 97}"
whorl,linear_svc_C1,15,0.8962264150943396,0.5161512027491408,0.48281786941580757,0.8915094339622641,"{'central_pocket_loop_whorl': 16, 'double_loop_whorl': 21, 'plain_whorl': 390}","{'central_pocket_loop_whorl': 4, 'double_loop_whorl': 5, 'plain_whorl': 97}"
whorl,linear_svc_C1,16,0.8691588785046729,0.3163265306122449,0.31,0.8517757009345794,"{'central_pocket_loop_whorl': 16, 'double_loop_whorl': 21, 'plain_whorl': 389}","{'central_pocket_loop_whorl': 4, 'double_loop_whorl': 5, 'plain_whorl': 98}"
whorl,linear_svc_C1,17,0.8504672897196262,0.4527210884353741,0.43917525773195876,0.8571731380672512,"{'central_pocket_loop_whorl': 16, 'double_loop_whorl': 21, 'plain_whorl': 389}","{'central_pocket_loop_whorl': 4, 'double_loop_whorl': 5, 'plain_whorl': 98}"
whorl,linear_svc_C1,18,0.897196261682243,0.5661512027491409,0.5794871794871795,0.893745506829619,"{'central_pocket_loop_whorl': 16, 'double_loop_whorl': 20, 'plain_whorl': 390}","{'central_pocket_loop_whorl': 4, 'double_loop_whorl': 6, 'plain_whorl': 97}"
whorl,linear_svc_C1,19,0.839622641509434,0.3058419243986254,0.30427350427350425,0.8353168843734881,"{'central_pocket_loop_whorl': 16, 'double_loop_whorl': 21, 'plain_whorl': 390}","{'central_pocket_loop_whorl': 4, 'double_loop_whorl': 5, 'plain_whorl': 97}"
whorl,linear_svc_C1,20,0.8773584905660378,0.5725085910652922,0.5157739293864948,0.8818380078875979,"{'central_pocket_loop_whorl': 16, 'double_loop_whorl': 21, 'plain_whorl': 390}","{'central_pocket_loop_whorl': 4, 'double_loop_whorl': 5, 'plain_whorl': 97}"
whorl,linear_svc_C1,21,0.8785046728971962,0.39965986394557823,0.4067958841828189,0.8667368887159429,"{'central_pocket_loop_whorl': 16, 'double_loop_whorl': 21, 'plain_whorl': 389}","{'central_pocket_loop_whorl': 4, 'double_loop_whorl': 5, 'plain_whorl': 98}"
whorl,linear_svc_C1,22,0.8037383177570093,0.2925170068027211,0.2970639032815198,0.8162316594838022,"{'central_pocket_loop_whorl': 16, 'double_loop_whorl': 21, 'plain_whorl': 389}","{'central_pocket_loop_whorl': 4, 'double_loop_whorl': 5, 'plain_whorl': 98}"
whorl,linear_svc_C1,23,0.8411214953271028,0.4135166093928981,0.4065364687126345,0.8439449756577256,"{'central_pocket_loop_whorl': 16, 'double_loop_whorl': 20, 'plain_whorl': 390}","{'central_pocket_loop_whorl': 4, 'double_loop_whorl': 6, 'plain_whorl': 97}"
whorl,linear_svc_C1,24,0.8962264150943396,0.32646048109965636,0.31666666666666665,0.8693396226415093,"{'central_pocket_loop_whorl': 16, 'double_loop_whorl': 21, 'plain_whorl': 390}","{'central_pocket_loop_whorl': 4, 'double_loop_whorl': 5, 'plain_whorl': 97}"
whorl,linear_svc_C1,25,0.8490566037735849,0.30927835051546393,0.30927835051546393,0.8490566037735849,"{'central_pocket_loop_whorl': 16, 'double_loop_whorl': 21, 'plain_whorl': 390}","{'central_pocket_loop_whorl': 4, 'double_loop_whorl': 5, 'plain_whorl': 97}"
whorl,rbf_svc_C1,1,0.9065420560747663,0.3299319727891156,0.31699346405228757,0.8709913872090892,"{'central_pocket_loop_whorl': 16, 'double_loop_whorl': 21, 'plain_whorl': 389}","{'central_pocket_loop_whorl': 4, 'double_loop_whorl': 5, 'plain_whorl': 98}"
whorl,rbf_svc_C1,2,0.9065420560747663,0.3299319727891156,0.31699346405228757,0.8709913872090892,"{'central_pocket_loop_whorl': 16, 'double_loop_whorl': 21, 'plain_whorl': 389}","{'central_pocket_loop_whorl': 4, 'double_loop_whorl': 5, 'plain_whorl': 98}"
whorl,rbf_svc_C1,3,0.9065420560747663,0.3333333333333333,0.31699346405228757,0.8621037199926699,"{'central_pocket_loop_whorl': 16, 'double_loop_whorl': 20, 'plain_whorl': 390}","{'central_pocket_loop_whorl': 4, 'double_loop_whorl': 6, 'plain_whorl': 97}"
whorl,rbf_svc_C1,4,0.9245283018867925,0.39999999999999997,0.4312431243124312,0.894576250077838,"{'central_pocket_loop_whorl': 16, 'double_loop_whorl': 21, 'plain_whorl': 390}","{'central_pocket_loop_whorl': 4, 'double_loop_whorl': 5, 'plain_whorl': 97}"
whorl,rbf_svc_C1,5,0.9056603773584906,0.32989690721649484,0.31683168316831684,0.8697926396413226,"{'central_pocket_loop_whorl': 16, 'double_loop_whorl': 21, 'plain_whorl': 390}","{'central_pocket_loop_whorl': 4, 'double_loop_whorl': 5, 'plain_whorl': 97}"
whorl,rbf_svc_C1,6,0.9158878504672897,0.3333333333333333,0.3186991869918699,0.8756781399589696,"{'central_pocket_loop_whorl': 16, 'double_loop_whorl': 21, 'plain_whorl': 389}","{'central_pocket_loop_whorl': 4, 'double_loop_whorl': 5, 'plain_whorl': 98}"
whorl,rbf_svc_C1,7,0.9158878504672897,0.3333333333333333,0.3186991869918699,0.8756781399589696,"{'central_pocket_loop_whorl': 16, 'double_loop_whorl': 21, 'plain_whorl': 389}","{'central_pocket_loop_whorl': 4, 'double_loop_whorl': 5, 'plain_whorl': 98}"
whorl,rbf_svc_C1,8,0.9065420560747663,0.3333333333333333,0.31699346405228757,0.8621037199926699,"{'central_pocket_loop_whorl': 16, 'double_loop_whorl': 20, 'plain_whorl': 390}","{'central_pocket_loop_whorl': 4, 'double_loop_whorl': 6, 'plain_whorl': 97}"
whorl,rbf_svc_C1,9,0.9150943396226415,0.3333333333333333,0.3185550082101806,0.8745236546147411,"{'central_pocket_loop_whorl': 16, 'double_loop_whorl': 21, 'plain_whorl': 390}","{'central_pocket_loop_whorl': 4, 'double_loop_whorl': 5, 'plain_whorl': 97}"
whorl,rbf_svc_C1,10,0.9245283018867925,0.39999999999999997,0.4312431243124312,0.894576250077838,"{'central_pocket_loop_whorl': 16, 'double_loop_whorl': 21, 'plain_whorl': 390}","{'central_pocket_loop_whorl': 4, 'double_loop_whorl': 5, 'plain_whorl': 97}"
whorl,rbf_svc_C1,11,0.9065420560747663,0.3299319727891156,0.31699346405228757,0.8709913872090892,"{'central_pocket_loop_whorl': 16, 'double_loop_whorl': 21, 'plain_whorl': 389}","{'central_pocket_loop_whorl': 4, 'double_loop_whorl': 5, 'plain_whorl': 98}"
whorl,rbf_svc_C1,12,0.9158878504672897,0.3333333333333333,0.3186991869918699,0.8756781399589696,"{'central_pocket_loop_whorl': 16, 'double_loop_whorl': 21, 'plain_whorl': 389}","{'central_pocket_loop_whorl': 4, 'double_loop_whorl': 5, 'plain_whorl': 98}"
whorl,rbf_svc_C1,13,0.897196261682243,0.32989690721649484,0.31527093596059114,0.8574190875189908,"{'central_pocket_loop_whorl': 16, 'double_loop_whorl': 20, 'plain_whorl': 390}","{'central_pocket_loop_whorl': 4, 'double_loop_whorl': 6, 'plain_whorl': 97}"
whorl,rbf_svc_C1,14,0.9150943396226415,0.3333333333333333,0.3185550082101806,0.8745236546147411,"{'central_pocket_loop_whorl': 16, 'double_loop_whorl': 21, 'plain_whorl': 390}","{'central_pocket_loop_whorl': 4, 'double_loop_whorl': 5, 'plain_whorl': 97}"
whorl,rbf_svc_C1,15,0.9150943396226415,0.3333333333333333,0.3185550082101806,0.8745236546147411,"{'central_pocket_loop_whorl': 16, 'double_loop_whorl': 21, 'plain_whorl': 390}","{'central_pocket_loop_whorl': 4, 'double_loop_whorl': 5, 'plain_whorl': 97}"
whorl,rbf_svc_C1,16,0.9158878504672897,0.3333333333333333,0.3186991869918699,0.8756781399589696,"{'central_pocket_loop_whorl': 16, 'double_loop_whorl': 21, 'plain_whorl': 389}","{'central_pocket_loop_whorl': 4, 'double_loop_whorl': 5, 'plain_whorl': 98}"
whorl,rbf_svc_C1,17,0.9065420560747663,0.3299319727891156,0.31699346405228757,0.8709913872090892,"{'central_pocket_loop_whorl': 16, 'double_loop_whorl': 21, 'plain_whorl': 389}","{'central_pocket_loop_whorl': 4, 'double_loop_whorl': 5, 'plain_whorl': 98}"
whorl,rbf_svc_C1,18,0.9065420560747663,0.3333333333333333,0.31699346405228757,0.8621037199926699,"{'central_pocket_loop_whorl': 16, 'double_loop_whorl': 20, 'plain_whorl': 390}","{'central_pocket_loop_whorl': 4, 'double_loop_whorl': 6, 'plain_whorl': 97}"
whorl,rbf_svc_C1,19,0.9150943396226415,0.3333333333333333,0.3185550082101806,0.8745236546147411,"{'central_pocket_loop_whorl': 16, 'double_loop_whorl': 21, 'plain_whorl': 390}","{'central_pocket_loop_whorl': 4, 'double_loop_whorl': 5, 'plain_whorl': 97}"
whorl,rbf_svc_C1,20,0.9056603773584906,0.32989690721649484,0.31683168316831684,0.8697926396413226,"{'central_pocket_loop_whorl': 16, 'double_loop_whorl': 21, 'plain_whorl': 390}","{'central_pocket_loop_whorl': 4, 'double_loop_whorl': 5, 'plain_whorl': 97}"
whorl,rbf_svc_C1,21,0.9158878504672897,0.3333333333333333,0.3186991869918699,0.8756781399589696,"{'central_pocket_loop_whorl': 16, 'double_loop_whorl': 21, 'plain_whorl': 389}","{'central_pocket_loop_whorl': 4, 'double_loop_whorl': 5, 'plain_whorl': 98}"
whorl,rbf_svc_C1,22,0.9065420560747663,0.3299319727891156,0.31699346405228757,0.8709913872090892,"{'central_pocket_loop_whorl': 16, 'double_loop_whorl': 21, 'plain_whorl': 389}","{'central_pocket_loop_whorl': 4, 'double_loop_whorl': 5, 'plain_whorl': 98}"
whorl,rbf_svc_C1,23,0.9065420560747663,0.3333333333333333,0.31699346405228757,0.8621037199926699,"{'central_pocket_loop_whorl': 16, 'double_loop_whorl': 20, 'plain_whorl': 390}","{'central_pocket_loop_whorl': 4, 'double_loop_whorl': 6, 'plain_whorl': 97}"
whorl,rbf_svc_C1,24,0.9150943396226415,0.3333333333333333,0.3185550082101806,0.8745236546147411,"{'central_pocket_loop_whorl': 16, 'double_loop_whorl': 21, 'plain_whorl': 390}","{'central_pocket_loop_whorl': 4, 'double_loop_whorl': 5, 'plain_whorl': 97}"
whorl,rbf_svc_C1,25,0.9150943396226415,0.3333333333333333,0.3185550082101806,0.8745236546147411,"{'central_pocket_loop_whorl': 16, 'double_loop_whorl': 21, 'plain_whorl': 390}","{'central_pocket_loop_whorl': 4, 'double_loop_whorl': 5, 'plain_whorl': 97}"
whorl,rbf_svc_C10,1,0.9158878504672897,0.3333333333333333,0.3186991869918699,0.8756781399589696,"{'central_pocket_loop_whorl': 16, 'double_loop_whorl': 21, 'plain_whorl': 389}","{'central_pocket_loop_whorl': 4, 'double_loop_whorl': 5, 'plain_whorl': 98}"
whorl,rbf_svc_C10,2,0.9158878504672897,0.3333333333333333,0.3186991869918699,0.8756781399589696,"{'central_pocket_loop_whorl': 16, 'double_loop_whorl': 21, 'plain_whorl': 389}","{'central_pocket_loop_whorl': 4, 'double_loop_whorl': 5, 'plain_whorl': 98}"
whorl,rbf_svc_C10,3,0.9065420560747663,0.3333333333333333,0.31699346405228757,0.8621037199926699,"{'central_pocket_loop_whorl': 16, 'double_loop_whorl': 20, 'plain_whorl': 390}","{'central_pocket_loop_whorl': 4, 'double_loop_whorl': 6, 'plain_whorl': 97}"
whorl,rbf_svc_C10,4,0.9150943396226415,0.3333333333333333,0.3185550082101806,0.8745236546147411,"{'central_pocket_loop_whorl': 16, 'double_loop_whorl': 21, 'plain_whorl': 390}","{'central_pocket_loop_whorl': 4, 'double_loop_whorl': 5, 'plain_whorl': 97}"
whorl,rbf_svc_C10,5,0.9150943396226415,0.3333333333333333,0.3185550082101806,0.8745236546147411,"{'central_pocket_loop_whorl': 16, 'double_loop_whorl': 21, 'plain_whorl': 390}","{'central_pocket_loop_whorl': 4, 'double_loop_whorl': 5, 'plain_whorl': 97}"
whorl,rbf_svc_C10,6,0.9158878504672897,0.3333333333333333,0.3186991869918699,0.8756781399589696,"{'central_pocket_loop_whorl': 16, 'double_loop_whorl': 21, 'plain_whorl': 389}","{'central_pocket_loop_whorl': 4, 'double_loop_whorl': 5, 'plain_whorl': 98}"
whorl,rbf_svc_C10,7,0.9158878504672897,0.3333333333333333,0.3186991869918699,0.8756781399589696,"{'central_pocket_loop_whorl': 16, 'double_loop_whorl': 21, 'plain_whorl': 389}","{'central_pocket_loop_whorl': 4, 'double_loop_whorl': 5, 'plain_whorl': 98}"
whorl,rbf_svc_C10,8,0.9065420560747663,0.3333333333333333,0.31699346405228757,0.8621037199926699,"{'central_pocket_loop_whorl': 16, 'double_loop_whorl': 20, 'plain_whorl': 390}","{'central_pocket_loop_whorl': 4, 'double_loop_whorl': 6, 'plain_whorl': 97}"
whorl,rbf_svc_C10,9,0.9150943396226415,0.3333333333333333,0.3185550082101806,0.8745236546147411,"{'central_pocket_loop_whorl': 16, 'double_loop_whorl': 21, 'plain_whorl': 390}","{'central_pocket_loop_whorl': 4, 'double_loop_whorl': 5, 'plain_whorl': 97}"
whorl,rbf_svc_C10,10,0.9150943396226415,0.3333333333333333,0.3185550082101806,0.8745236546147411,"{'central_pocket_loop_whorl': 16, 'double_loop_whorl': 21, 'plain_whorl': 390}","{'central_pocket_loop_whorl': 4, 'double_loop_whorl': 5, 'plain_whorl': 97}"
whorl,rbf_svc_C10,11,0.9158878504672897,0.3333333333333333,0.3186991869918699,0.8756781399589696,"{'central_pocket_loop_whorl': 16, 'double_loop_whorl': 21, 'plain_whorl': 389}","{'central_pocket_loop_whorl': 4, 'double_loop_whorl': 5, 'plain_whorl': 98}"
whorl,rbf_svc_C10,12,0.9158878504672897,0.3333333333333333,0.3186991869918699,0.8756781399589696,"{'central_pocket_loop_whorl': 16, 'double_loop_whorl': 21, 'plain_whorl': 389}","{'central_pocket_loop_whorl': 4, 'double_loop_whorl': 5, 'plain_whorl': 98}"
whorl,rbf_svc_C10,13,0.9065420560747663,0.3333333333333333,0.31699346405228757,0.8621037199926699,"{'central_pocket_loop_whorl': 16, 'double_loop_whorl': 20, 'plain_whorl': 390}","{'central_pocket_loop_whorl': 4, 'double_loop_whorl': 6, 'plain_whorl': 97}"
whorl,rbf_svc_C10,14,0.9150943396226415,0.3333333333333333,0.3185550082101806,0.8745236546147411,"{'central_pocket_loop_whorl': 16, 'double_loop_whorl': 21, 'plain_whorl': 390}","{'central_pocket_loop_whorl': 4, 'double_loop_whorl': 5, 'plain_whorl': 97}"
whorl,rbf_svc_C10,15,0.9150943396226415,0.3333333333333333,0.3185550082101806,0.8745236546147411,"{'central_pocket_loop_whorl': 16, 'double_loop_whorl': 21, 'plain_whorl': 390}","{'central_pocket_loop_whorl': 4, 'double_loop_whorl': 5, 'plain_whorl': 97}"
whorl,rbf_svc_C10,16,0.9158878504672897,0.3333333333333333,0.3186991869918699,0.8756781399589696,"{'central_pocket_loop_whorl': 16, 'double_loop_whorl': 21, 'plain_whorl': 389}","{'central_pocket_loop_whorl': 4, 'double_loop_whorl': 5, 'plain_whorl': 98}"
whorl,rbf_svc_C10,17,0.9158878504672897,0.3333333333333333,0.3186991869918699,0.8756781399589696,"{'central_pocket_loop_whorl': 16, 'double_loop_whorl': 21, 'plain_whorl': 389}","{'central_pocket_loop_whorl': 4, 'double_loop_whorl': 5, 'plain_whorl': 98}"
whorl,rbf_svc_C10,18,0.9065420560747663,0.3333333333333333,0.31699346405228757,0.8621037199926699,"{'central_pocket_loop_whorl': 16, 'double_loop_whorl': 20, 'plain_whorl': 390}","{'central_pocket_loop_whorl': 4, 'double_loop_whorl': 6, 'plain_whorl': 97}"
whorl,rbf_svc_C10,19,0.9150943396226415,0.3333333333333333,0.3185550082101806,0.8745236546147411,"{'central_pocket_loop_whorl': 16, 'double_loop_whorl': 21, 'plain_whorl': 390}","{'central_pocket_loop_whorl': 4, 'double_loop_whorl': 5, 'plain_whorl': 97}"
whorl,rbf_svc_C10,20,0.9150943396226415,0.3333333333333333,0.3185550082101806,0.8745236546147411,"{'central_pocket_loop_whorl': 16, 'double_loop_whorl': 21, 'plain_whorl': 390}","{'central_pocket_loop_whorl': 4, 'double_loop_whorl': 5, 'plain_whorl': 97}"
whorl,rbf_svc_C10,21,0.9158878504672897,0.3333333333333333,0.3186991869918699,0.8756781399589696,"{'central_pocket_loop_whorl': 16, 'double_loop_whorl': 21, 'plain_whorl': 389}","{'central_pocket_loop_whorl': 4, 'double_loop_whorl': 5, 'plain_whorl': 98}"
whorl,rbf_svc_C10,22,0.9158878504672897,0.3333333333333333,0.3186991869918699,0.8756781399589696,"{'central_pocket_loop_whorl': 16, 'double_loop_whorl': 21, 'plain_whorl': 389}","{'central_pocket_loop_whorl': 4, 'double_loop_whorl': 5, 'plain_whorl': 98}"
whorl,rbf_svc_C10,23,0.9065420560747663,0.3333333333333333,0.31699346405228757,0.8621037199926699,"{'central_pocket_loop_whorl': 16, 'double_loop_whorl': 20, 'plain_whorl': 390}","{'central_pocket_loop_whorl': 4, 'double_loop_whorl': 6, 'plain_whorl': 97}"
whorl,rbf_svc_C10,24,0.9150943396226415,0.3333333333333333,0.3185550082101806,0.8745236546147411,"{'central_pocket_loop_whorl': 16, 'double_loop_whorl': 21, 'plain_whorl': 390}","{'central_pocket_loop_whorl': 4, 'double_loop_whorl': 5, 'plain_whorl': 97}"
whorl,rbf_svc_C10,25,0.9150943396226415,0.3333333333333333,0.3185550082101806,0.8745236546147411,"{'central_pocket_loop_whorl': 16, 'double_loop_whorl': 21, 'plain_whorl': 390}","{'central_pocket_loop_whorl': 4, 'double_loop_whorl': 5, 'plain_whorl': 97}"
