experiment,fold,train_rows,test_rows,accuracy,balanced_accuracy,macro_f1,weighted_f1,train_class_counts,test_class_counts
arch_classical_linear_svc_balanced,1,80,21,0.7142857142857143,0.65,0.65,0.7142857142857143,"{'plain_arch': 60, 'tented_arch': 20}","{'plain_arch': 15, 'tented_arch': 6}"
arch_classical_linear_svc_balanced,2,81,20,0.55,0.5666666666666667,0.52,0.58,"{'plain_arch': 60, 'tented_arch': 21}","{'plain_arch': 15, 'tented_arch': 5}"
arch_classical_linear_svc_balanced,3,81,20,0.65,0.5666666666666667,0.561128526645768,0.6598746081504702,"{'plain_arch': 60, 'tented_arch': 21}","{'plain_arch': 15, 'tented_arch': 5}"
arch_classical_linear_svc_balanced,4,81,20,0.5,0.5333333333333333,0.4791666666666667,0.53125,"{'plain_arch': 60, 'tented_arch': 21}","{'plain_arch': 15, 'tented_arch': 5}"
arch_classical_linear_svc_balanced,5,81,20,0.65,0.7,0.6266666666666667,0.6733333333333332,"{'plain_arch': 60, 'tented_arch': 21}","{'plain_arch': 15, 'tented_arch': 5}"
arch_classical_linear_svc_balanced,6,80,21,0.8571428571428571,0.8,0.81524926686217,0.8529534981147885,"{'plain_arch': 60, 'tented_arch': 20}","{'plain_arch': 15, 'tented_arch': 6}"
arch_classical_linear_svc_balanced,7,81,20,0.6,0.6,0.5604395604395604,0.6263736263736264,"{'plain_arch': 60, 'tented_arch': 21}","{'plain_arch': 15, 'tented_arch': 5}"
arch_classical_linear_svc_balanced,8,81,20,0.4,0.33333333333333337,0.34065934065934067,0.4395604395604395,"{'plain_arch': 60, 'tented_arch': 21}","{'plain_arch': 15, 'tented_arch': 5}"
arch_classical_linear_svc_balanced,9,81,20,0.45,0.3666666666666667,0.3732193732193732,0.48290598290598297,"{'plain_arch': 60, 'tented_arch': 21}","{'plain_arch': 15, 'tented_arch': 5}"
arch_classical_linear_svc_balanced,10,81,20,0.55,0.5666666666666667,0.52,0.58,"{'plain_arch': 60, 'tented_arch': 21}","{'plain_arch': 15, 'tented_arch': 5}"
arch_classical_linear_svc_balanced,11,80,21,0.5238095238095238,0.4666666666666667,0.4642857142857143,0.5408163265306123,"{'plain_arch': 60, 'tented_arch': 20}","{'plain_arch': 15, 'tented_arch': 6}"
arch_classical_linear_svc_balanced,12,81,20,0.7,0.6666666666666666,0.6428571428571428,0.7142857142857142,"{'plain_arch': 60, 'tented_arch': 21}","{'plain_arch': 15, 'tented_arch': 5}"
arch_classical_linear_svc_balanced,13,81,20,0.65,0.7666666666666666,0.6419437340153453,0.6687979539641944,"{'plain_arch': 60, 'tented_arch': 21}","{'plain_arch': 15, 'tented_arch': 5}"
arch_classical_linear_svc_balanced,14,81,20,0.45,0.43333333333333335,0.41333333333333333,0.4866666666666667,"{'plain_arch': 60, 'tented_arch': 21}","{'plain_arch': 15, 'tented_arch': 5}"
arch_classical_linear_svc_balanced,15,81,20,0.5,0.3333333333333333,0.3333333333333333,0.5,"{'plain_arch': 60, 'tented_arch': 21}","{'plain_arch': 15, 'tented_arch': 5}"
arch_classical_linear_svc_balanced,16,80,21,0.6190476190476191,0.6333333333333333,0.5961538461538461,0.6373626373626374,"{'plain_arch': 60, 'tented_arch': 20}","{'plain_arch': 15, 'tented_arch': 6}"
arch_classical_linear_svc_balanced,17,81,20,0.65,0.5666666666666667,0.561128526645768,0.6598746081504702,"{'plain_arch': 60, 'tented_arch': 21}","{'plain_arch': 15, 'tented_arch': 5}"
arch_classical_linear_svc_balanced,18,81,20,0.65,0.6333333333333333,0.6011396011396011,0.670940170940171,"{'plain_arch': 60, 'tented_arch': 21}","{'plain_arch': 15, 'tented_arch': 5}"
arch_classical_linear_svc_balanced,19,81,20,0.5,0.4666666666666667,0.45054945054945056,0.5329670329670331,"{'plain_arch': 60, 'tented_arch': 21}","{'plain_arch': 15, 'tented_arch': 5}"
arch_classical_linear_svc_balanced,20,81,20,0.7,0.6000000000000001,0.6000000000000001,0.7,"{'plain_arch': 60, 'tented_arch': 21}","{'plain_arch': 15, 'tented_arch': 5}"
arch_classical_linear_svc_balanced,21,80,21,0.6666666666666666,0.6666666666666666,0.6370370370370371,0.6814814814814815,"{'plain_arch': 60, 'tented_arch': 20}","{'plain_arch': 15, 'tented_arch': 6}"
arch_classical_linear_svc_balanced,22,81,20,0.7,0.7333333333333334,0.6703296703296704,0.7197802197802197,"{'plain_arch': 60, 'tented_arch': 21}","{'plain_arch': 15, 'tented_arch': 5}"
arch_classical_linear_svc_balanced,23,81,20,0.55,0.5666666666666667,0.52,0.58,"{'plain_arch': 60, 'tented_arch': 21}","{'plain_arch': 15, 'tented_arch': 5}"
arch_classical_linear_svc_balanced,24,81,20,0.45,0.43333333333333335,0.41333333333333333,0.4866666666666667,"{'plain_arch': 60, 'tented_arch': 21}","{'plain_arch': 15, 'tented_arch': 5}"
arch_classical_linear_svc_balanced,25,81,20,0.55,0.5,0.48717948717948717,0.5769230769230769,"{'plain_arch': 60, 'tented_arch': 21}","{'plain_arch': 15, 'tented_arch': 5}"
arch_classical_linear_svc_balanced,26,80,21,0.5714285714285714,0.55,0.5333333333333333,0.5904761904761905,"{'plain_arch': 60, 'tented_arch': 20}","{'plain_arch': 15, 'tented_arch': 6}"
arch_classical_linear_svc_balanced,27,81,20,0.6,0.6666666666666667,0.5833333333333333,0.625,"{'plain_arch': 60, 'tented_arch': 21}","{'plain_arch': 15, 'tented_arch': 5}"
arch_classical_linear_svc_balanced,28,81,20,0.75,0.6333333333333333,0.6415770609318996,0.7401433691756273,"{'plain_arch': 60, 'tented_arch': 21}","{'plain_arch': 15, 'tented_arch': 5}"
arch_classical_linear_svc_balanced,29,81,20,0.5,0.4666666666666667,0.45054945054945056,0.5329670329670331,"{'plain_arch': 60, 'tented_arch': 21}","{'plain_arch': 15, 'tented_arch': 5}"
arch_classical_linear_svc_balanced,30,81,20,0.5,0.4666666666666667,0.45054945054945056,0.5329670329670331,"{'plain_arch': 60, 'tented_arch': 21}","{'plain_arch': 15, 'tented_arch': 5}"
arch_classical_linear_svc_balanced,31,80,21,0.5714285714285714,0.6,0.5552941176470588,0.5915966386554621,"{'plain_arch': 60, 'tented_arch': 20}","{'plain_arch': 15, 'tented_arch': 6}"
arch_classical_linear_svc_balanced,32,81,20,0.55,0.6333333333333333,0.5396419437340154,0.5741687979539642,"{'plain_arch': 60, 'tented_arch': 21}","{'plain_arch': 15, 'tented_arch': 5}"
arch_classical_linear_svc_balanced,33,81,20,0.7,0.6666666666666666,0.6428571428571428,0.7142857142857142,"{'plain_arch': 60, 'tented_arch': 21}","{'plain_arch': 15, 'tented_arch': 5}"
arch_classical_linear_svc_balanced,34,81,20,0.35,0.30000000000000004,0.30666666666666664,0.3933333333333333,"{'plain_arch': 60, 'tented_arch': 21}","{'plain_arch': 15, 'tented_arch': 5}"
arch_classical_linear_svc_balanced,35,81,20,0.6,0.4666666666666667,0.4666666666666667,0.6,"{'plain_arch': 60, 'tented_arch': 21}","{'plain_arch': 15, 'tented_arch': 5}"
arch_classical_linear_svc_balanced,36,80,21,0.6190476190476191,0.5333333333333333,0.5333333333333333,0.6190476190476191,"{'plain_arch': 60, 'tented_arch': 20}","{'plain_arch': 15, 'tented_arch': 6}"
arch_classical_linear_svc_balanced,37,81,20,0.65,0.7666666666666666,0.6419437340153453,0.6687979539641944,"{'plain_arch': 60, 'tented_arch': 21}","{'plain_arch': 15, 'tented_arch': 5}"
arch_classical_linear_svc_balanced,38,81,20,0.6,0.6,0.5604395604395604,0.6263736263736264,"{'plain_arch': 60, 'tented_arch': 21}","{'plain_arch': 15, 'tented_arch': 5}"
arch_classical_linear_svc_balanced,39,81,20,0.75,0.8333333333333333,0.7333333333333334,0.7666666666666666,"{'plain_arch': 60, 'tented_arch': 21}","{'plain_arch': 15, 'tented_arch': 5}"
arch_classical_linear_svc_balanced,40,81,20,0.45,0.3666666666666667,0.3732193732193732,0.48290598290598297,"{'plain_arch': 60, 'tented_arch': 21}","{'plain_arch': 15, 'tented_arch': 5}"
arch_classical_linear_svc_balanced,41,80,21,0.5714285714285714,0.65,0.5675057208237986,0.5851585485452763,"{'plain_arch': 60, 'tented_arch': 20}","{'plain_arch': 15, 'tented_arch': 6}"
arch_classical_linear_svc_balanced,42,81,20,0.7,0.6000000000000001,0.6000000000000001,0.7,"{'plain_arch': 60, 'tented_arch': 21}","{'plain_arch': 15, 'tented_arch': 5}"
arch_classical_linear_svc_balanced,43,81,20,0.7,0.6000000000000001,0.6000000000000001,0.7,"{'plain_arch': 60, 'tented_arch': 21}","{'plain_arch': 15, 'tented_arch': 5}"
arch_classical_linear_svc_balanced,44,81,20,0.55,0.5666666666666667,0.52,0.58,"{'plain_arch': 60, 'tented_arch': 21}","{'plain_arch': 15, 'tented_arch': 5}"
arch_classical_linear_svc_balanced,45,81,20,0.55,0.5,0.48717948717948717,0.5769230769230769,"{'plain_arch': 60, 'tented_arch': 21}","{'plain_arch': 15, 'tented_arch': 5}"
arch_classical_linear_svc_balanced,46,80,21,0.6666666666666666,0.6666666666666666,0.6370370370370371,0.6814814814814815,"{'plain_arch': 60, 'tented_arch': 20}","{'plain_arch': 15, 'tented_arch': 6}"
arch_classical_linear_svc_balanced,47,81,20,0.55,0.5666666666666667,0.52,0.58,"{'plain_arch': 60, 'tented_arch': 21}","{'plain_arch': 15, 'tented_arch': 5}"
arch_classical_linear_svc_balanced,48,81,20,0.55,0.5666666666666667,0.52,0.58,"{'plain_arch': 60, 'tented_arch': 21}","{'plain_arch': 15, 'tented_arch': 5}"
arch_classical_linear_svc_balanced,49,81,20,0.6,0.5333333333333333,0.5238095238095238,0.6190476190476191,"{'plain_arch': 60, 'tented_arch': 21}","{'plain_arch': 15, 'tented_arch': 5}"
arch_classical_linear_svc_balanced,50,81,20,0.4,0.4,0.375,0.4375,"{'plain_arch': 60, 'tented_arch': 21}","{'plain_arch': 15, 'tented_arch': 5}"
whorl_resnet18_logistic_balanced,1,426,107,0.8504672897196262,0.5159863945578231,0.47887249457930087,0.866332750611265,"{'central_pocket_loop_whorl': 16, 'double_loop_whorl': 21, 'plain_whorl': 389}","{'central_pocket_loop_whorl': 4, 'double_loop_whorl': 5, 'plain_whorl': 98}"
whorl_resnet18_logistic_balanced,2,426,107,0.897196261682243,0.4697278911564626,0.48316498316498313,0.8906589257056546,"{'central_pocket_loop_whorl': 16, 'double_loop_whorl': 21, 'plain_whorl': 389}","{'central_pocket_loop_whorl': 4, 'double_loop_whorl': 5, 'plain_whorl': 98}"
whorl_resnet18_logistic_balanced,3,426,107,0.8598130841121495,0.42038946162657503,0.4188034188034188,0.8554996405463696,"{'central_pocket_loop_whorl': 16, 'double_loop_whorl': 20, 'plain_whorl': 390}","{'central_pocket_loop_whorl': 4, 'double_loop_whorl': 6, 'plain_whorl': 97}"
whorl_resnet18_logistic_balanced,4,427,106,0.8679245283018868,0.37938144329896906,0.4047619047619048,0.8632075471698113,"{'central_pocket_loop_whorl': 16, 'double_loop_whorl': 21, 'plain_whorl': 390}","{'central_pocket_loop_whorl': 4, 'double_loop_whorl': 5, 'plain_whorl': 97}"
whorl_resnet18_logistic_balanced,5,427,106,0.8962264150943396,0.5960481099656357,0.579292325406315,0.8972880021858417,"{'central_pocket_loop_whorl': 16, 'double_loop_whorl': 21, 'plain_whorl': 390}","{'central_pocket_loop_whorl': 4, 'double_loop_whorl': 5, 'plain_whorl': 97}"
whorl_resnet18_logistic_balanced,6,426,107,0.8785046728971962,0.5894557823129252,0.5516215697562847,0.8858677814902695,"{'central_pocket_loop_whorl': 16, 'double_loop_whorl': 21, 'plain_whorl': 389}","{'central_pocket_loop_whorl': 4, 'double_loop_whorl': 5, 'plain_whorl': 98}"
whorl_resnet18_logistic_balanced,7,426,107,0.8598130841121495,0.3129251700680272,0.3082077051926298,0.8468510778190015,"{'central_pocket_loop_whorl': 16, 'double_loop_whorl': 21, 'plain_whorl': 389}","{'central_pocket_loop_whorl': 4, 'double_loop_whorl': 5, 'plain_whorl': 98}"
whorl_resnet18_logistic_balanced,8,426,107,0.8598130841121495,0.604524627720504,0.5513227513227513,0.8719774514167037,"{'central_pocket_loop_whorl': 16, 'double_loop_whorl': 20, 'plain_whorl': 390}","{'central_pocket_loop_whorl': 4, 'double_loop_whorl': 6, 'plain_whorl': 97}"
whorl_resnet18_logistic_balanced,9,427,106,0.8773584905660378,0.38281786941580753,0.4065748126661832,0.8681844924541985,"{'central_pocket_loop_whorl': 16, 'double_loop_whorl': 21, 'plain_whorl': 390}","{'central_pocket_loop_whorl': 4, 'double_loop_whorl': 5, 'plain_whorl': 97}"
whorl_resnet18_logistic_balanced,10,427,106,0.8773584905660378,0.6690721649484536,0.5975851309184642,0.8890163644880626,"{'central_pocket_loop_whorl': 16, 'double_loop_whorl': 21, 'plain_whorl': 390}","{'central_pocket_loop_whorl': 4, 'double_loop_whorl': 5, 'plain_whorl': 97}"
whorl_resnet18_logistic_balanced,11,426,107,0.8411214953271028,0.4326530612244898,0.40811965811965817,0.8539420081476156,"{'central_pocket_loop_whorl': 16, 'double_loop_whorl': 21, 'plain_whorl': 389}","{'central_pocket_loop_whorl': 4, 'double_loop_whorl': 5, 'plain_whorl': 98}"
whorl_resnet18_logistic_balanced,12,426,107,0.8411214953271028,0.4493197278911565,0.4336019957781616,0.8518285366864128,"{'central_pocket_loop_whorl': 16, 'double_loop_whorl': 21, 'plain_whorl': 389}","{'central_pocket_loop_whorl': 4, 'double_loop_whorl': 5, 'plain_whorl': 98}"
whorl_resnet18_logistic_balanced,13,426,107,0.8878504672897196,0.4306987399770905,0.4258319232938523,0.8746145452820343,"{'central_pocket_loop_whorl': 16, 'double_loop_whorl': 20, 'plain_whorl': 390}","{'central_pocket_loop_whorl': 4, 'double_loop_whorl': 6, 'plain_whorl': 97}"
whorl_resnet18_logistic_balanced,14,427,106,0.9056603773584906,0.4730240549828179,0.506974506974507,0.8931362138909309,"{'central_pocket_loop_whorl': 16, 'double_loop_whorl': 21, 'plain_whorl': 390}","{'central_pocket_loop_whorl': 4, 'double_loop_whorl': 5, 'plain_whorl': 97}"
whorl_resnet18_logistic_balanced,15,427,106,0.9150943396226415,0.45979381443298967,0.468013468013468,0.8990851915380218,"{'central_pocket_loop_whorl': 16, 'double_loop_whorl': 21, 'plain_whorl': 390}","{'central_pocket_loop_whorl': 4, 'double_loop_whorl': 5, 'plain_whorl': 97}"
whorl_resnet18_logistic_balanced,16,426,107,0.9065420560747663,0.5530612244897959,0.5598845598845599,0.8995967687556472,"{'central_pocket_loop_whorl': 16, 'double_loop_whorl': 21, 'plain_whorl': 389}","{'central_pocket_loop_whorl': 4, 'double_loop_whorl': 5, 'plain_whorl': 98}"
whorl_resnet18_logistic_balanced,17,426,107,0.8598130841121495,0.45612244897959187,0.4484330484330485,0.8632957903985942,"{'central_pocket_loop_whorl': 16, 'double_loop_whorl': 21, 'plain_whorl': 389}","{'central_pocket_loop_whorl': 4, 'double_loop_whorl': 5, 'plain_whorl': 98}"
whorl_resnet18_logistic_balanced,18,426,107,0.8878504672897196,0.45847651775486825,0.476625574087503,0.8778188176451852,"{'central_pocket_loop_whorl': 16, 'double_loop_whorl': 20, 'plain_whorl': 390}","{'central_pocket_loop_whorl': 4, 'double_loop_whorl': 6, 'plain_whorl': 97}"
whorl_resnet18_logistic_balanced,19,427,106,0.8679245283018868,0.37938144329896906,0.38518518518518513,0.8645702306079665,"{'central_pocket_loop_whorl': 16, 'double_loop_whorl': 21, 'plain_whorl': 390}","{'central_pocket_loop_whorl': 4, 'double_loop_whorl': 5, 'plain_whorl': 97}"
whorl_resnet18_logistic_balanced,20,427,106,0.8679245283018868,0.4426116838487973,0.4426116838487973,0.8679245283018868,"{'central_pocket_loop_whorl': 16, 'double_loop_whorl': 21, 'plain_whorl': 390}","{'central_pocket_loop_whorl': 4, 'double_loop_whorl': 5, 'plain_whorl': 97}"
whorl_resnet18_logistic_balanced,21,426,107,0.9158878504672897,0.47653061224489796,0.5350746268656716,0.9015134607337145,"{'central_pocket_loop_whorl': 16, 'double_loop_whorl': 21, 'plain_whorl': 389}","{'central_pocket_loop_whorl': 4, 'double_loop_whorl': 5, 'plain_whorl': 98}"
whorl_resnet18_logistic_balanced,22,426,107,0.822429906542056,0.3792517006802721,0.36718480138169257,0.8331993608057721,"{'central_pocket_loop_whorl': 16, 'double_loop_whorl': 21, 'plain_whorl': 389}","{'central_pocket_loop_whorl': 4, 'double_loop_whorl': 5, 'plain_whorl': 98}"
whorl_resnet18_logistic_balanced,23,426,107,0.8411214953271028,0.4135166093928981,0.4065364687126345,0.8439449756577256,"{'central_pocket_loop_whorl': 16, 'double_loop_whorl': 20, 'plain_whorl': 390}","{'central_pocket_loop_whorl': 4, 'double_loop_whorl': 6, 'plain_whorl': 97}"
whorl_resnet18_logistic_balanced,24,427,106,0.8867924528301887,0.38625429553264606,0.39805414551607443,0.8757901541997895,"{'central_pocket_loop_whorl': 16, 'double_loop_whorl': 21, 'plain_whorl': 390}","{'central_pocket_loop_whorl': 4, 'double_loop_whorl': 5, 'plain_whorl': 97}"
whorl_resnet18_logistic_balanced,25,427,106,0.8962264150943396,0.46958762886597943,0.49990599736792635,0.8881067160446532,"{'central_pocket_loop_whorl': 16, 'double_loop_whorl': 21, 'plain_whorl': 390}","{'central_pocket_loop_whorl': 4, 'double_loop_whorl': 5, 'plain_whorl': 97}"
whorl_resnet18_logistic_balanced,26,426,107,0.8598130841121495,0.3761904761904762,0.3761904761904762,0.8598130841121495,"{'central_pocket_loop_whorl': 16, 'double_loop_whorl': 21, 'plain_whorl': 389}","{'central_pocket_loop_whorl': 4, 'double_loop_whorl': 5, 'plain_whorl': 98}"
whorl_resnet18_logistic_balanced,27,426,107,0.8598130841121495,0.39285714285714285,0.3746192893401015,0.8536268323924285,"{'central_pocket_loop_whorl': 16, 'double_loop_whorl': 21, 'plain_whorl': 389}","{'central_pocket_loop_whorl': 4, 'double_loop_whorl': 5, 'plain_whorl': 98}"
whorl_resnet18_logistic_balanced,28,426,107,0.8598130841121495,0.368270332187858,0.3746192893401015,0.8487309644670051,"{'central_pocket_loop_whorl': 16, 'double_loop_whorl': 20, 'plain_whorl': 390}","{'central_pocket_loop_whorl': 4, 'double_loop_whorl': 6, 'plain_whorl': 97}"
whorl_resnet18_logistic_balanced,29,427,106,0.9056603773584906,0.4730240549828179,0.5109427609427609,0.893248522965504,"{'central_pocket_loop_whorl': 16, 'double_loop_whorl': 21, 'plain_whorl': 390}","{'central_pocket_loop_whorl': 4, 'double_loop_whorl': 5, 'plain_whorl': 97}"
whorl_resnet18_logistic_balanced,30,427,106,0.9056603773584906,0.4896907216494846,0.4646464646464647,0.8856489422527158,"{'central_pocket_loop_whorl': 16, 'double_loop_whorl': 21, 'plain_whorl': 390}","{'central_pocket_loop_whorl': 4, 'double_loop_whorl': 5, 'plain_whorl': 97}"
whorl_resnet18_logistic_balanced,31,426,107,0.897196261682243,0.38979591836734695,0.398424543946932,0.877446877760729,"{'central_pocket_loop_whorl': 16, 'double_loop_whorl': 21, 'plain_whorl': 389}","{'central_pocket_loop_whorl': 4, 'double_loop_whorl': 5, 'plain_whorl': 98}"
whorl_resnet18_logistic_balanced,32,426,107,0.8785046728971962,0.6061224489795919,0.5701400882748032,0.8863869922898541,"{'central_pocket_loop_whorl': 16, 'double_loop_whorl': 21, 'plain_whorl': 389}","{'central_pocket_loop_whorl': 4, 'double_loop_whorl': 5, 'plain_whorl': 98}"
whorl_resnet18_logistic_balanced,33,426,107,0.8598130841121495,0.5002863688430699,0.525375315530756,0.8698740608575483,"{'central_pocket_loop_whorl': 16, 'double_loop_whorl': 20, 'plain_whorl': 390}","{'central_pocket_loop_whorl': 4, 'double_loop_whorl': 6, 'plain_whorl': 97}"
whorl_resnet18_logistic_balanced,34,427,106,0.8962264150943396,0.5328178694158076,0.5326014191993573,0.8958588581230091,"{'central_pocket_loop_whorl': 16, 'double_loop_whorl': 21, 'plain_whorl': 390}","{'central_pocket_loop_whorl': 4, 'double_loop_whorl': 5, 'plain_whorl': 97}"
whorl_resnet18_logistic_balanced,35,427,106,0.8773584905660378,0.38281786941580753,0.39467005076142136,0.8664998563356001,"{'central_pocket_loop_whorl': 16, 'double_loop_whorl': 21, 'plain_whorl': 390}","{'central_pocket_loop_whorl': 4, 'double_loop_whorl': 5, 'plain_whorl': 97}"
whorl_resnet18_logistic_balanced,36,426,107,0.8878504672897196,0.5295918367346939,0.519075369075369,0.8905605298128662,"{'central_pocket_loop_whorl': 16, 'double_loop_whorl': 21, 'plain_whorl': 389}","{'central_pocket_loop_whorl': 4, 'double_loop_whorl': 5, 'plain_whorl': 98}"
whorl_resnet18_logistic_balanced,37,426,107,0.8504672897196262,0.5959183673469388,0.5519763460939932,0.8728849795369861,"{'central_pocket_loop_whorl': 16, 'double_loop_whorl': 21, 'plain_whorl': 389}","{'central_pocket_loop_whorl': 4, 'double_loop_whorl': 5, 'plain_whorl': 98}"
whorl_resnet18_logistic_balanced,38,426,107,0.8691588785046729,0.4516036655211913,0.4576719576719577,0.8625574840528112,"{'central_pocket_loop_whorl': 16, 'double_loop_whorl': 20, 'plain_whorl': 390}","{'central_pocket_loop_whorl': 4, 'double_loop_whorl': 6, 'plain_whorl': 97}"
whorl_resnet18_logistic_balanced,39,427,106,0.8867924528301887,0.38625429553264606,0.3872053872053873,0.8701162569087098,"{'central_pocket_loop_whorl': 16, 'double_loop_whorl': 21, 'plain_whorl': 390}","{'central_pocket_loop_whorl': 4, 'double_loop_whorl': 5, 'plain_whorl': 97}"
whorl_resnet18_logistic_balanced,40,427,106,0.8867924528301887,0.38625429553264606,0.40995890742083635,0.8774747903183878,"{'central_pocket_loop_whorl': 16, 'double_loop_whorl': 21, 'plain_whorl': 390}","{'central_pocket_loop_whorl': 4, 'double_loop_whorl': 5, 'plain_whorl': 97}"
whorl_resnet18_logistic_balanced,41,426,107,0.8785046728971962,0.38299319727891157,0.39646464646464646,0.8720617388841688,"{'central_pocket_loop_whorl': 16, 'double_loop_whorl': 21, 'plain_whorl': 389}","{'central_pocket_loop_whorl': 4, 'double_loop_whorl': 5, 'plain_whorl': 98}"
whorl_resnet18_logistic_balanced,42,426,107,0.8411214953271028,0.38605442176870747,0.38760683760683756,0.8453870117421519,"{'central_pocket_loop_whorl': 16, 'double_loop_whorl': 21, 'plain_whorl': 389}","{'central_pocket_loop_whorl': 4, 'double_loop_whorl': 5, 'plain_whorl': 98}"
whorl_resnet18_logistic_balanced,43,426,107,0.8598130841121495,0.3161512027491409,0.3082077051926298,0.8382097402902362,"{'central_pocket_loop_whorl': 16, 'double_loop_whorl': 20, 'plain_whorl': 390}","{'central_pocket_loop_whorl': 4, 'double_loop_whorl': 6, 'plain_whorl': 97}"
whorl_resnet18_logistic_balanced,44,427,106,0.8490566037735849,0.30927835051546393,0.3076923076923077,0.8447024673439769,"{'central_pocket_loop_whorl': 16, 'double_loop_whorl': 21, 'plain_whorl': 390}","{'central_pocket_loop_whorl': 4, 'double_loop_whorl': 5, 'plain_whorl': 97}"
whorl_resnet18_logistic_balanced,45,427,106,0.8679245283018868,0.37938144329896906,0.4047619047619048,0.8632075471698113,"{'central_pocket_loop_whorl': 16, 'double_loop_whorl': 21, 'plain_whorl': 390}","{'central_pocket_loop_whorl': 4, 'double_loop_whorl': 5, 'plain_whorl': 97}"
whorl_resnet18_logistic_balanced,46,426,107,0.8878504672897196,0.4663265306122449,0.48244348244348245,0.8820380035333306,"{'central_pocket_loop_whorl': 16, 'double_loop_whorl': 21, 'plain_whorl': 389}","{'central_pocket_loop_whorl': 4, 'double_loop_whorl': 5, 'plain_whorl': 98}"
whorl_resnet18_logistic_balanced,47,426,107,0.8785046728971962,0.4462585034013606,0.44467005076142135,0.8741401394753072,"{'central_pocket_loop_whorl': 16, 'double_loop_whorl': 21, 'plain_whorl': 389}","{'central_pocket_loop_whorl': 4, 'double_loop_whorl': 5, 'plain_whorl': 98}"
whorl_resnet18_logistic_balanced,48,426,107,0.8691588785046729,0.4516036655211913,0.4653679653679654,0.8626653720111663,"{'central_pocket_loop_whorl': 16, 'double_loop_whorl': 20, 'plain_whorl': 390}","{'central_pocket_loop_whorl': 4, 'double_loop_whorl': 6, 'plain_whorl': 97}"
whorl_resnet18_logistic_balanced,49,427,106,0.9056603773584906,0.393127147766323,0.40319865319865317,0.8899132837812084,"{'central_pocket_loop_whorl': 16, 'double_loop_whorl': 21, 'plain_whorl': 390}","{'central_pocket_loop_whorl': 4, 'double_loop_whorl': 5, 'plain_whorl': 97}"
whorl_resnet18_logistic_balanced,50,427,106,0.8773584905660378,0.5259450171821306,0.5182882364229514,0.8807095295510584,"{'central_pocket_loop_whorl': 16, 'double_loop_whorl': 21, 'plain_whorl': 390}","{'central_pocket_loop_whorl': 4, 'double_loop_whorl': 5, 'plain_whorl': 97}"
